<ImportExportXml version="9.2.21102.109" SolutionPackageVersion="9.2" languagecode="1033" generatedBy="CrmLive" xmlns:xsi="http://www.w3.org/2001/XMLSchema-instance">
  <SolutionManifest>
    <UniqueName>SecondaryRecordSource_SampleSolution</UniqueName>
    <LocalizedNames>
      <LocalizedName description="SecondaryRecordSource_SampleSolution" languagecode="1033" />
    </LocalizedNames>
    <Descriptions />
    <Version>1.22033.1</Version>
    <Managed>1</Managed>
    <Publisher>
      <UniqueName>Cr063e5</UniqueName>
      <LocalizedNames>
        <LocalizedName description="CDS Default Publisher" languagecode="1033" />
      </LocalizedNames>
      <Descriptions />
      <EMailAddress xsi:nil="true"></EMailAddress>
      <SupportingWebsiteUrl xsi:nil="true"></SupportingWebsiteUrl>
      <CustomizationPrefix>cr206</CustomizationPrefix>
      <CustomizationOptionValuePrefix>56712</CustomizationOptionValuePrefix>
      <Addresses>
        <Address>
          <AddressNumber>1</AddressNumber>
          <AddressTypeCode xsi:nil="true"></AddressTypeCode>
          <City xsi:nil="true"></City>
          <County xsi:nil="true"></County>
          <Country xsi:nil="true"></Country>
          <Fax xsi:nil="true"></Fax>
          <FreightTermsCode xsi:nil="true"></FreightTermsCode>
          <ImportSequenceNumber xsi:nil="true"></ImportSequenceNumber>
          <Latitude xsi:nil="true"></Latitude>
          <Line1 xsi:nil="true"></Line1>
          <Line2 xsi:nil="true"></Line2>
          <Line3 xsi:nil="true"></Line3>
          <Longitude xsi:nil="true"></Longitude>
          <Name xsi:nil="true"></Name>
          <PostalCode xsi:nil="true"></PostalCode>
          <PostOfficeBox xsi:nil="true"></PostOfficeBox>
          <PrimaryContactName xsi:nil="true"></PrimaryContactName>
          <ShippingMethodCode xsi:nil="true"></ShippingMethodCode>
          <StateOrProvince xsi:nil="true"></StateOrProvince>
          <Telephone1 xsi:nil="true"></Telephone1>
          <Telephone2 xsi:nil="true"></Telephone2>
          <Telephone3 xsi:nil="true"></Telephone3>
          <TimeZoneRuleVersionNumber xsi:nil="true"></TimeZoneRuleVersionNumber>
          <UPSZone xsi:nil="true"></UPSZone>
          <UTCOffset xsi:nil="true"></UTCOffset>
          <UTCConversionTimeZoneCode xsi:nil="true"></UTCConversionTimeZoneCode>
        </Address>
        <Address>
          <AddressNumber>2</AddressNumber>
          <AddressTypeCode xsi:nil="true"></AddressTypeCode>
          <City xsi:nil="true"></City>
          <County xsi:nil="true"></County>
          <Country xsi:nil="true"></Country>
          <Fax xsi:nil="true"></Fax>
          <FreightTermsCode xsi:nil="true"></FreightTermsCode>
          <ImportSequenceNumber xsi:nil="true"></ImportSequenceNumber>
          <Latitude xsi:nil="true"></Latitude>
          <Line1 xsi:nil="true"></Line1>
          <Line2 xsi:nil="true"></Line2>
          <Line3 xsi:nil="true"></Line3>
          <Longitude xsi:nil="true"></Longitude>
          <Name xsi:nil="true"></Name>
          <PostalCode xsi:nil="true"></PostalCode>
          <PostOfficeBox xsi:nil="true"></PostOfficeBox>
          <PrimaryContactName xsi:nil="true"></PrimaryContactName>
          <ShippingMethodCode xsi:nil="true"></ShippingMethodCode>
          <StateOrProvince xsi:nil="true"></StateOrProvince>
          <Telephone1 xsi:nil="true"></Telephone1>
          <Telephone2 xsi:nil="true"></Telephone2>
          <Telephone3 xsi:nil="true"></Telephone3>
          <TimeZoneRuleVersionNumber xsi:nil="true"></TimeZoneRuleVersionNumber>
          <UPSZone xsi:nil="true"></UPSZone>
          <UTCOffset xsi:nil="true"></UTCOffset>
          <UTCConversionTimeZoneCode xsi:nil="true"></UTCConversionTimeZoneCode>
        </Address>
      </Addresses>
    </Publisher>
    <RootComponents>
      <RootComponent type="1" schemaName="account" behavior="1" />
      <RootComponent type="61" schemaName="new_SecondaryRecordSource" behavior="0" />
    </RootComponents>
    <MissingDependencies>
      <MissingDependency>
        <Required type="1" schemaName="incident" displayName="Case" solution="msdynce_Service (9.0.5.56)" />
        <Dependent type="60" displayName="Account for Multisession experience" parentDisplayName="Account" id="{ff49442f-8c60-4877-bdae-8fe51e6f4636}" />
      </MissingDependency>
      <MissingDependency>
        <Required type="1" schemaName="msdyn_customerasset" displayName="Customer Asset" solution="msdyn_AssetCommon (1.0.6.37)" />
        <Dependent type="60" displayName="Account for Interactive experience" parentDisplayName="Account" id="{a72c7955-442b-4ea4-9499-b10cd18b4256}" />
      </MissingDependency>
      <MissingDependency>
        <Required type="10" schemaName="msdyn_account_msdyn_customerasset_Account" displayName="msdyn_account_msdyn_customerasset_Account" parentSchemaName="account" parentDisplayName="Account" solution="msdyn_AssetCommon (1.0.6.37)" />
        <Dependent type="60" displayName="Account for Interactive experience" parentDisplayName="Account" id="{a72c7955-442b-4ea4-9499-b10cd18b4256}" />
      </MissingDependency>
      <MissingDependency>
        <Required type="2" schemaName="originatingleadid" displayName="Originating Lead" parentSchemaName="account" parentDisplayName="Account" solution="msdynce_LeadManagement (9.0.4.0066)" />
        <Dependent type="60" displayName="Account for Interactive experience" parentDisplayName="Account" id="{a72c7955-442b-4ea4-9499-b10cd18b4256}" />
      </MissingDependency>
      <MissingDependency>
        <Required type="2" schemaName="originatingleadid" displayName="Originating Lead" parentSchemaName="account" parentDisplayName="Account" solution="msdynce_LeadManagement (9.0.4.0066)" />
        <Dependent type="60" displayName="Account for Multisession experience" parentDisplayName="Account" id="{ff49442f-8c60-4877-bdae-8fe51e6f4636}" />
      </MissingDependency>
      <MissingDependency>
        <Required type="20" displayName="Customer Service Representative" solution="msdynce_Service (9.0.5.56)" id="{2a69282a-85d9-4084-b26c-61b279f18e34}" parentId="{ecfd0b44-5720-45e3-ae68-417ddb0fb654}" />
        <Dependent type="60" displayName="Account for Multisession experience" parentDisplayName="Account" id="{ff49442f-8c60-4877-bdae-8fe51e6f4636}" />
      </MissingDependency>
      <MissingDependency>
        <Required type="20" displayName="Customer service app access" solution="msdynce_Customerservicehub (9.0.5.0056)" id="{3dac4d9e-568c-e611-80d4-00155d42a122}" />
        <Dependent type="60" displayName="Account for Multisession experience" parentDisplayName="Account" id="{ff49442f-8c60-4877-bdae-8fe51e6f4636}" />
      </MissingDependency>
      <MissingDependency>
        <Required type="20" displayName="CSR Manager" solution="msdynce_Service (9.0.5.56)" id="{e50e6278-1a2e-4508-b9fb-fb0febe32358}" parentId="{1808b939-dd07-4ca7-aa99-ddd2734378f1}" />
        <Dependent type="60" displayName="Account for Multisession experience" parentDisplayName="Account" id="{ff49442f-8c60-4877-bdae-8fe51e6f4636}" />
      </MissingDependency>
      <MissingDependency>
        <Required type="26" schemaName="My Active Cases" displayName="My Active Cases" parentSchemaName="incident" parentDisplayName="Case" solution="msdynce_Service (9.0.5.56)" id="{00000000-0000-0000-00aa-000010001028}" />
        <Dependent type="60" displayName="Account for Multisession experience" parentDisplayName="Account" id="{ff49442f-8c60-4877-bdae-8fe51e6f4636}" />
      </MissingDependency>
      <MissingDependency>
        <Required type="26" schemaName="Active Cases" displayName="Active Cases" parentSchemaName="incident" parentDisplayName="Case" solution="msdynce_Service (9.0.5.56)" id="{00000000-0000-0000-00aa-000010001032}" />
        <Dependent type="60" displayName="Account for Multisession experience" parentDisplayName="Account" id="{ff49442f-8c60-4877-bdae-8fe51e6f4636}" />
      </MissingDependency>
      <MissingDependency>
        <Required type="26" schemaName="Customer Asset associated view with alerts" displayName="Customer Asset associated view with alerts" parentSchemaName="msdyn_customerasset" parentDisplayName="Customer Asset" solution="msdyn_ConnectedCustomerService (9.0.20115.1027)" id="{38cc036f-fbfe-e911-a81c-000d3ac2c6cb}" />
        <Dependent type="60" displayName="Account for Interactive experience" parentDisplayName="Account" id="{a72c7955-442b-4ea4-9499-b10cd18b4256}" />
      </MissingDependency>
      <MissingDependency>
        <Required type="26" schemaName="Active Customer Assets" displayName="Active Customer Assets" parentSchemaName="msdyn_customerasset" parentDisplayName="Customer Asset" solution="msdyn_AssetCommon (1.0.6.37)" id="{6ecb03a4-acda-44ae-83e3-c60ba8338dbb}" />
        <Dependent type="60" displayName="Account for Interactive experience" parentDisplayName="Account" id="{a72c7955-442b-4ea4-9499-b10cd18b4256}" />
      </MissingDependency>
      <MissingDependency>
        <Required type="59" schemaName="Active Cases by Agent" displayName="Active Cases by Agent" parentSchemaName="incident" parentDisplayName="Case" solution="msdynce_Service (9.0.5.56)" id="{4143b74e-4a07-4d01-9ffe-2cdcaa4208fd}" />
        <Dependent type="60" displayName="Account for Multisession experience" parentDisplayName="Account" id="{ff49442f-8c60-4877-bdae-8fe51e6f4636}" />
      </MissingDependency>
      <MissingDependency>
        <Required type="60" displayName="account contact card" parentDisplayName="Contact" solution="msdynce_AppCommon (9.0.4.0066)" id="{29de27bc-a257-4f29-99cf-bab4a84e688f}" />
        <Dependent type="60" displayName="Account for Interactive experience" parentDisplayName="Account" id="{a72c7955-442b-4ea4-9499-b10cd18b4256}" />
      </MissingDependency>
      <MissingDependency>
        <Required type="60" displayName="account contact card" parentDisplayName="Contact" solution="msdynce_AppCommon (9.0.4.0066)" id="{29de27bc-a257-4f29-99cf-bab4a84e688f}" />
        <Dependent type="60" displayName="Account for Multisession experience" parentDisplayName="Account" id="{ff49442f-8c60-4877-bdae-8fe51e6f4636}" />
      </MissingDependency>
      <MissingDependency>
        <Required type="60" displayName="Account for Interactive experience" parentDisplayName="Account" solution="msdynce_AppCommon (9.0.4.0066)" id="{a72c7955-442b-4ea4-9499-b10cd18b4256}" />
        <Dependent type="60" displayName="Account for Interactive experience" parentDisplayName="Account" id="{a72c7955-442b-4ea4-9499-b10cd18b4256}" />
      </MissingDependency>
      <MissingDependency>
        <Required type="60" displayName="Account for Multisession experience" parentDisplayName="Account" solution="msdynce_ServicePatch201911 (9.0.21101.1010)" id="{ff49442f-8c60-4877-bdae-8fe51e6f4636}" />
        <Dependent type="60" displayName="Account for Multisession experience" parentDisplayName="Account" id="{ff49442f-8c60-4877-bdae-8fe51e6f4636}" />
      </MissingDependency>
      <MissingDependency>
        <Required type="61" schemaName="AppCommon/Account/Account_main_system_library.js" displayName="AppCommon/Account/Account_main_system_library.js" solution="msdynce_AppCommon (9.0.4.0066)" />
        <Dependent type="60" displayName="Account for Multisession experience" parentDisplayName="Account" id="{ff49442f-8c60-4877-bdae-8fe51e6f4636}" />
      </MissingDependency>
      <MissingDependency>
        <Required type="61" schemaName="msdyn_/ActivityFeeds.Form.js" displayName="msdyn_/ActivityFeeds.Form.js" solution="ActivityFeedsCore (9.0.0.0005)" />
        <Dependent type="60" displayName="Account for Multisession experience" parentDisplayName="Account" id="{ff49442f-8c60-4877-bdae-8fe51e6f4636}" />
      </MissingDependency>
      <MissingDependency>
        <Required type="61" schemaName="msdyn_/ConnectedCustomerService/Account/AccountForm.js" displayName="msdyn_/ConnectedCustomerService/Account/AccountForm.js" solution="msdyn_ConnectedCustomerService (9.0.20115.1027)" />
        <Dependent type="60" displayName="Account for Interactive experience" parentDisplayName="Account" id="{a72c7955-442b-4ea4-9499-b10cd18b4256}" />
      </MissingDependency>
      <MissingDependency>
        <Required type="61" schemaName="msdyn_/RecordWall.htm" displayName="msdyn_/RecordWall.htm" solution="ActivityFeedsCore (9.0.0.0005)" />
        <Dependent type="60" displayName="Account for Multisession experience" parentDisplayName="Account" id="{ff49442f-8c60-4877-bdae-8fe51e6f4636}" />
      </MissingDependency>
    </MissingDependencies>
  </SolutionManifest>
</ImportExportXml>