<customapi uniquename="sample_ExportDataUsingFetchXmlToAnnotation">
  <allowedcustomprocessingsteptype>0</allowedcustomprocessingsteptype>
  <bindingtype>0</bindingtype>
  <description default="Exports data using the input Fetch Xml to CSV attaches to an annotation record.">
    <label description="Exports data using the input Fetch Xml to CSV attaches to an annotation record." languagecode="1033" />
  </description>
  <displayname default="Export Data Using Fetch XML to Annotation">
    <label description="Export Data Using Fetch XML to Annotation" languagecode="1033" />
  </displayname>
  <iscustomizable>1</iscustomizable>
  <isfunction>0</isfunction>
  <isprivate>0</isprivate>
  <name>Export Data Using Fetch XML to Annotation</name>
  <plugintypeid>
    <plugintypeexportkey>f72b81c0-75dc-483d-952b-2c78d104180e</plugintypeexportkey>
  </plugintypeid>
  <workflowsdkstepenabled>0</workflowsdkstepenabled>
</customapi>