<ImportExportXml xmlns:xsi="http://www.w3.org/2001/XMLSchema-instance">
  <Entities></Entities>
  <Roles></Roles>
  <Workflows></Workflows>
  <FieldSecurityProfiles></FieldSecurityProfiles>
  <Templates />
  <EntityMaps />
  <EntityRelationships />
  <OrganizationSettings />
  <optionsets />
  <WebResources>
    <WebResource>
      <WebResourceId>{b2546e1c-b210-e611-80d2-00155da84802}</WebResourceId>
      <Name>sample_/WebAPIBasicOperations.html</Name>
      <DisplayName>sample_/WebAPIBasicOperations.html</DisplayName>
      <Description>Start page for the Web API basic operations sample.</Description>
      <WebResourceType>1</WebResourceType>
      <IntroducedVersion>1.0</IntroducedVersion>
      <IsEnabledForMobileClient>0</IsEnabledForMobileClient>
      <IsAvailableForMobileOffline>0</IsAvailableForMobileOffline>
      <IsCustomizable>1</IsCustomizable>
      <CanBeDeleted>1</CanBeDeleted>
      <IsHidden>0</IsHidden>
      <FileName>/WebResources/sample_WebAPIBasicOperationshtmlB2546E1C-B210-E611-80D2-00155DA84802</FileName>
    </WebResource>
    <WebResource>
      <WebResourceId>{fcc11544-b210-e611-80d2-00155da84802}</WebResourceId>
      <Name>sample_/scripts/WebAPIBasicOperations.js</Name>
      <DisplayName>sample_/scripts/WebAPIBasicOperations.js</DisplayName>
      <Description>Main program for the Web API basic operations sample.</Description>
      <WebResourceType>3</WebResourceType>
      <IntroducedVersion>1.0</IntroducedVersion>
      <IsEnabledForMobileClient>0</IsEnabledForMobileClient>
      <IsAvailableForMobileOffline>0</IsAvailableForMobileOffline>
      <DependencyXml>&lt;Dependencies&gt;&lt;Dependency componentType="WebResource"/&gt;&lt;/Dependencies&gt;</DependencyXml>
      <IsCustomizable>1</IsCustomizable>
      <CanBeDeleted>1</CanBeDeleted>
      <IsHidden>0</IsHidden>
      <FileName>/WebResources/sample_scriptsWebAPIBasicOperationsjsFCC11544-B210-E611-80D2-00155DA84802</FileName>
    </WebResource>
    <WebResource>
      <WebResourceId>{66b5766e-b210-e611-80d2-00155da84802}</WebResourceId>
      <Name>sample_/scripts/es6promise.js</Name>
      <DisplayName>sample_/scripts/es6promise.js</DisplayName>
      <Description>Polyfill for browsers that do not support Promises natively.</Description>
      <WebResourceType>3</WebResourceType>
      <IntroducedVersion>1.0</IntroducedVersion>
      <IsEnabledForMobileClient>0</IsEnabledForMobileClient>
      <IsAvailableForMobileOffline>0</IsAvailableForMobileOffline>
      <IsCustomizable>1</IsCustomizable>
      <CanBeDeleted>1</CanBeDeleted>
      <IsHidden>0</IsHidden>
      <FileName>/WebResources/sample_scriptses6promisejs66B5766E-B210-E611-80D2-00155DA84802</FileName>
    </WebResource>
  </WebResources>
  <Languages>
    <Language>1033</Language>
  </Languages>
</ImportExportXml>