<ImportExportXml version="9.2.25063.198" SolutionPackageVersion="9.2" languagecode="1033" generatedBy="CrmLive" xmlns:xsi="http://www.w3.org/2001/XMLSchema-instance" OrganizationVersion="9.2.25063.198" OrganizationSchemaType="Full" CRMServerServiceabilityVersion="9.2.25063.00198">
  <SolutionManifest>
    <UniqueName>ColumnLevelSecuritySampleSolution</UniqueName>
    <LocalizedNames>
      <LocalizedName description="Column-Level Security Sample Solution" languagecode="1033" />
    </LocalizedNames>
    <Descriptions />
    <Version>1.0.0.0</Version>
    <Managed>1</Managed>
    <Publisher>
      <UniqueName>ColumnLevelSecuritySamplePublisher</UniqueName>
      <LocalizedNames>
        <LocalizedName description="Column-level security sample publisher" languagecode="1033" />
      </LocalizedNames>
      <Descriptions>
        <Description description="This publisher was created from sample code" languagecode="1033" />
      </Descriptions>
      <EMailAddress xsi:nil="true"></EMailAddress>
      <SupportingWebsiteUrl xsi:nil="true"></SupportingWebsiteUrl>
      <CustomizationPrefix>sample</CustomizationPrefix>
      <CustomizationOptionValuePrefix>72700</CustomizationOptionValuePrefix>
      <Addresses>
        <Address>
          <AddressNumber>1</AddressNumber>
          <AddressTypeCode>1</AddressTypeCode>
          <City xsi:nil="true"></City>
          <County xsi:nil="true"></County>
          <Country xsi:nil="true"></Country>
          <Fax xsi:nil="true"></Fax>
          <FreightTermsCode xsi:nil="true"></FreightTermsCode>
          <ImportSequenceNumber xsi:nil="true"></ImportSequenceNumber>
          <Latitude xsi:nil="true"></Latitude>
          <Line1 xsi:nil="true"></Line1>
          <Line2 xsi:nil="true"></Line2>
          <Line3 xsi:nil="true"></Line3>
          <Longitude xsi:nil="true"></Longitude>
          <Name xsi:nil="true"></Name>
          <PostalCode xsi:nil="true"></PostalCode>
          <PostOfficeBox xsi:nil="true"></PostOfficeBox>
          <PrimaryContactName xsi:nil="true"></PrimaryContactName>
          <ShippingMethodCode>1</ShippingMethodCode>
          <StateOrProvince xsi:nil="true"></StateOrProvince>
          <Telephone1 xsi:nil="true"></Telephone1>
          <Telephone2 xsi:nil="true"></Telephone2>
          <Telephone3 xsi:nil="true"></Telephone3>
          <TimeZoneRuleVersionNumber xsi:nil="true"></TimeZoneRuleVersionNumber>
          <UPSZone xsi:nil="true"></UPSZone>
          <UTCOffset xsi:nil="true"></UTCOffset>
          <UTCConversionTimeZoneCode xsi:nil="true"></UTCConversionTimeZoneCode>
        </Address>
        <Address>
          <AddressNumber>2</AddressNumber>
          <AddressTypeCode>1</AddressTypeCode>
          <City xsi:nil="true"></City>
          <County xsi:nil="true"></County>
          <Country xsi:nil="true"></Country>
          <Fax xsi:nil="true"></Fax>
          <FreightTermsCode xsi:nil="true"></FreightTermsCode>
          <ImportSequenceNumber xsi:nil="true"></ImportSequenceNumber>
          <Latitude xsi:nil="true"></Latitude>
          <Line1 xsi:nil="true"></Line1>
          <Line2 xsi:nil="true"></Line2>
          <Line3 xsi:nil="true"></Line3>
          <Longitude xsi:nil="true"></Longitude>
          <Name xsi:nil="true"></Name>
          <PostalCode xsi:nil="true"></PostalCode>
          <PostOfficeBox xsi:nil="true"></PostOfficeBox>
          <PrimaryContactName xsi:nil="true"></PrimaryContactName>
          <ShippingMethodCode>1</ShippingMethodCode>
          <StateOrProvince xsi:nil="true"></StateOrProvince>
          <Telephone1 xsi:nil="true"></Telephone1>
          <Telephone2 xsi:nil="true"></Telephone2>
          <Telephone3 xsi:nil="true"></Telephone3>
          <TimeZoneRuleVersionNumber xsi:nil="true"></TimeZoneRuleVersionNumber>
          <UPSZone xsi:nil="true"></UPSZone>
          <UTCOffset xsi:nil="true"></UTCOffset>
          <UTCConversionTimeZoneCode xsi:nil="true"></UTCConversionTimeZoneCode>
        </Address>
      </Addresses>
    </Publisher>
    <RootComponents>
      <RootComponent type="1" schemaName="sample_example" behavior="0" />
      <RootComponent type="20" id="{346c8295-a669-f011-bec2-00224823101f}" behavior="0" />
      <RootComponent type="70" id="{9fd67f9b-a669-f011-bec2-00224823101f}" behavior="0" />
    </RootComponents>
    <MissingDependencies>
      <MissingDependency>
        <Required type="MaskingRule" displayName="Date_Slash" solution="msft_ColumnLevelSecurityData (1.2.0.28)" id.name="Date_Slash">
          <package appName="ColumnLevelSecurityApp Package" version="1.2.0.28">msft_ColumnLevelSecurityData (1.2.0.28)</package>
        </Required>
        <Dependent type="AttributeMaskingRule" displayName="sample_example_sample_dateofbirth" id.uniquename="sample_example_sample_dateofbirth" />
      </MissingDependency>
      <MissingDependency>
        <Required type="MaskingRule" displayName="Email_HideName" solution="msft_ColumnLevelSecurityData (1.2.0.28)" id.name="Email_HideName">
          <package appName="ColumnLevelSecurityApp Package" version="1.2.0.28">msft_ColumnLevelSecurityData (1.2.0.28)</package>
        </Required>
        <Dependent type="AttributeMaskingRule" displayName="sample_example_sample_email" id.uniquename="sample_example_sample_email" />
      </MissingDependency>
      <MissingDependency>
        <Required type="MaskingRule" displayName="SocialSecurityNumber_ShowLastFourDigits" solution="msft_ColumnLevelSecurityData (1.2.0.28)" id.name="SocialSecurityNumber_ShowLastFourDigits">
          <package appName="ColumnLevelSecurityApp Package" version="1.2.0.28">msft_ColumnLevelSecurityData (1.2.0.28)</package>
        </Required>
        <Dependent type="AttributeMaskingRule" displayName="sample_example_sample_governmentid" id.uniquename="sample_example_sample_governmentid" />
      </MissingDependency>
    </MissingDependencies>
  </SolutionManifest>
</ImportExportXml>