<ImportExportXml xmlns:xsi="http://www.w3.org/2001/XMLSchema-instance">
  <Entities>
    <Entity>
      <Name LocalizedName="Account" OriginalName="">Account</Name>
      <EntityInfo>
        <entity Name="Account">
          <attributes>
            <attribute PhysicalName="crd95_file1">
              <Type>file</Type>
              <Name>crd95_file1</Name>
              <LogicalName>crd95_file1</LogicalName>
              <RequiredLevel>none</RequiredLevel>
              <DisplayMask>ValidForForm|ValidForGrid</DisplayMask>
              <ImeMode>disabled</ImeMode>
              <ValidForUpdateApi>0</ValidForUpdateApi>
              <ValidForReadApi>1</ValidForReadApi>
              <ValidForCreateApi>0</ValidForCreateApi>
              <IsCustomField>1</IsCustomField>
              <IsAuditEnabled>1</IsAuditEnabled>
              <IsSecured>0</IsSecured>
              <IntroducedVersion>1.0.0.0</IntroducedVersion>
              <IsCustomizable>1</IsCustomizable>
              <IsRenameable>1</IsRenameable>
              <CanModifySearchSettings>0</CanModifySearchSettings>
              <CanModifyRequirementLevelSettings>0</CanModifyRequirementLevelSettings>
              <CanModifyAdditionalSettings>1</CanModifyAdditionalSettings>
              <SourceType>0</SourceType>
              <IsGlobalFilterEnabled>0</IsGlobalFilterEnabled>
              <IsSortableEnabled>0</IsSortableEnabled>
              <CanModifyGlobalFilterSettings>1</CanModifyGlobalFilterSettings>
              <CanModifyIsSortableSettings>0</CanModifyIsSortableSettings>
              <IsDataSourceSecret>0</IsDataSourceSecret>
              <AutoNumberFormat></AutoNumberFormat>
              <IsSearchable>0</IsSearchable>
              <IsFilterable>0</IsFilterable>
              <IsRetrievable>0</IsRetrievable>
              <IsLocalizable>0</IsLocalizable>
              <MaxValue>131072</MaxValue>
              <displaynames>
                <displayname description="file1" languagecode="1033" />
              </displaynames>
              <Descriptions>
                <Description description="" languagecode="1033" />
              </Descriptions>
            </attribute>
            <attribute PhysicalName="crd95_image1Primary">
              <Type>image</Type>
              <Name>crd95_image1primary</Name>
              <LogicalName>crd95_image1primary</LogicalName>
              <RequiredLevel>none</RequiredLevel>
              <DisplayMask>DenormalizedChild|PrimaryImage|ValidForForm|ValidForGrid</DisplayMask>
              <ImeMode>disabled</ImeMode>
              <ValidForUpdateApi>1</ValidForUpdateApi>
              <ValidForReadApi>1</ValidForReadApi>
              <ValidForCreateApi>1</ValidForCreateApi>
              <IsCustomField>1</IsCustomField>
              <IsAuditEnabled>1</IsAuditEnabled>
              <IsLogical>1</IsLogical>
              <IsSecured>0</IsSecured>
              <IntroducedVersion>1.0.0.0</IntroducedVersion>
              <IsCustomizable>1</IsCustomizable>
              <IsRenameable>1</IsRenameable>
              <CanModifySearchSettings>0</CanModifySearchSettings>
              <CanModifyRequirementLevelSettings>0</CanModifyRequirementLevelSettings>
              <CanModifyAdditionalSettings>1</CanModifyAdditionalSettings>
              <SourceType>0</SourceType>
              <IsGlobalFilterEnabled>0</IsGlobalFilterEnabled>
              <IsSortableEnabled>0</IsSortableEnabled>
              <CanModifyGlobalFilterSettings>1</CanModifyGlobalFilterSettings>
              <CanModifyIsSortableSettings>1</CanModifyIsSortableSettings>
              <IsDataSourceSecret>0</IsDataSourceSecret>
              <AutoNumberFormat></AutoNumberFormat>
              <IsSearchable>0</IsSearchable>
              <IsFilterable>0</IsFilterable>
              <IsRetrievable>0</IsRetrievable>
              <IsLocalizable>0</IsLocalizable>
              <Format>jpeg</Format>
              <MaxLength>9437328</MaxLength>
              <MaxValue>30720</MaxValue>
              <displaynames>
                <displayname description="image1Primary" languagecode="1033" />
              </displaynames>
              <Descriptions>
                <Description description="" languagecode="1033" />
              </Descriptions>
            </attribute>
            <attribute PhysicalName="crd95_image2NonPrimary">
              <Type>image</Type>
              <Name>crd95_image2nonprimary</Name>
              <LogicalName>crd95_image2nonprimary</LogicalName>
              <RequiredLevel>none</RequiredLevel>
              <DisplayMask>DenormalizedChild|ValidForForm|ValidForGrid</DisplayMask>
              <ImeMode>disabled</ImeMode>
              <ValidForUpdateApi>1</ValidForUpdateApi>
              <ValidForReadApi>1</ValidForReadApi>
              <ValidForCreateApi>1</ValidForCreateApi>
              <IsCustomField>1</IsCustomField>
              <IsAuditEnabled>1</IsAuditEnabled>
              <IsLogical>1</IsLogical>
              <IsSecured>0</IsSecured>
              <IntroducedVersion>1.0.0.0</IntroducedVersion>
              <IsCustomizable>1</IsCustomizable>
              <IsRenameable>1</IsRenameable>
              <CanModifySearchSettings>0</CanModifySearchSettings>
              <CanModifyRequirementLevelSettings>0</CanModifyRequirementLevelSettings>
              <CanModifyAdditionalSettings>1</CanModifyAdditionalSettings>
              <SourceType>0</SourceType>
              <IsGlobalFilterEnabled>0</IsGlobalFilterEnabled>
              <IsSortableEnabled>0</IsSortableEnabled>
              <CanModifyGlobalFilterSettings>1</CanModifyGlobalFilterSettings>
              <CanModifyIsSortableSettings>1</CanModifyIsSortableSettings>
              <IsDataSourceSecret>0</IsDataSourceSecret>
              <AutoNumberFormat></AutoNumberFormat>
              <IsSearchable>0</IsSearchable>
              <IsFilterable>0</IsFilterable>
              <IsRetrievable>0</IsRetrievable>
              <IsLocalizable>0</IsLocalizable>
              <Format>jpeg</Format>
              <MaxLength>9437328</MaxLength>
              <MaxValue>30720</MaxValue>
              <displaynames>
                <displayname description="image2NonPrimary" languagecode="1033" />
              </displaynames>
              <Descriptions>
                <Description description="" languagecode="1033" />
              </Descriptions>
            </attribute>
          </attributes>
        </entity>
      </EntityInfo>
      <FormXml>
        <forms type="main">
          <systemform>
            <formid>{fd64e16f-bcf4-ec11-bb3d-6045bd0199ae}</formid>
            <IntroducedVersion>1.0.0.0</IntroducedVersion>
            <FormPresentation>1</FormPresentation>
            <FormActivationState>1</FormActivationState>
            <form showImage="true" headerdensity="HighWithControls">
              <ancestor id="{8448b78f-8f42-454e-8e2a-f8196b0419af}" />
              <hiddencontrols>
                <data id="address1_addressid" datafieldname="address1_addressid" classid="{5546E6CD-394C-4bee-94A8-4425E17EF6C6}" />
                <data id="address2_addressid" datafieldname="address2_addressid" classid="{5546E6CD-394C-4bee-94A8-4425E17EF6C6}" />
              </hiddencontrols>
              <tabs>
                <tab name="SUMMARY_TAB" id="{3b0b63a9-d379-689a-0ec3-e71eb4c6a841}" IsUserDefined="0" showlabel="true" expanded="true" locklevel="0" labelid="{a8ed837b-7281-4246-b977-024bdb6d4c9f}">
                  <labels>
                    <label description="Summary" languagecode="1033" />
                  </labels>
                  <columns>
                    <column width="33%">
                      <sections>
                        <section name="ACCOUNT_INFORMATION" showlabel="true" showbar="false" id="{0eb92e6c-bcb8-0d52-a188-d81543ddb7cd}" IsUserDefined="0" layout="varwidth" columns="1" labelwidth="115" celllabelposition="Left" labelid="{2154cb58-30b9-4d72-a560-55bf797b7b50}">
                          <labels>
                            <label description="ACCOUNT INFORMATION" languagecode="1033" />
                          </labels>
                          <rows>
                            <row>
                              <cell id="{b0e82a7e-5683-d90c-308a-0d779377ea8a}" showlabel="true" labelid="{5d072297-d403-4841-9d04-1fac111d0152}">
                                <labels>
                                  <label description="Account Name" languagecode="1033" />
                                </labels>
                                <control id="name" classid="{4273EDBD-AC1D-40d3-9FB2-095C621B552D}" datafieldname="name" disabled="false" />
                              </cell>
                            </row>
                            <row>
                              <cell id="{1b59a4eb-c139-414c-8aa4-be76f009d678}" locklevel="0" colspan="1" rowspan="1" labelid="{a92b54cc-5f11-48df-ba7f-f25d87dc1efb}">
                                <labels>
                                  <label description="file1" languagecode="1033" />
                                </labels>
                                <control id="crd95_file1" classid="{0A7FF475-B016-4687-9CE5-042BFDBD6519}" datafieldname="crd95_file1" disabled="false" />
                              </cell>
                            </row>
                            <row>
                              <cell id="{76c44726-7116-41fd-9053-83a65c1a4aed}" locklevel="0" colspan="1" rowspan="1" labelid="{bed1b5ed-9be0-454d-9e42-3b2ee01dfd6d}">
                                <labels>
                                  <label description="image1Primary" languagecode="1033" />
                                </labels>
                                <control id="crd95_image1primary" classid="{7E548B0D-209C-477B-9DCD-F0F44472381D}" datafieldname="crd95_image1primary" disabled="false" />
                              </cell>
                            </row>
                            <row>
                              <cell id="{a9ae100d-125b-4609-bebc-2e498b4ebeeb}" locklevel="0" colspan="1" rowspan="1" labelid="{627f05a1-8afb-4f9e-b1ff-335165e7660f}">
                                <labels>
                                  <label description="image2NonPrimary" languagecode="1033" />
                                </labels>
                                <control id="crd95_image2nonprimary" classid="{7E548B0D-209C-477B-9DCD-F0F44472381D}" datafieldname="crd95_image2nonprimary" disabled="false" />
                              </cell>
                            </row>
                            <row>
                              <cell id="{8b98a55e-a345-b20e-d46e-801e79d5c1c1}" showlabel="true" labelid="{ef3739df-2ac9-400d-9ff2-690b57e69b24}">
                                <labels>
                                  <label description="Fax" languagecode="1033" />
                                </labels>
                                <control id="fax" classid="{4273EDBD-AC1D-40d3-9FB2-095C621B552D}" datafieldname="fax" disabled="false" />
                              </cell>
                            </row>
                            <row>
                              <cell id="{3441a91e-47c5-672c-7a20-902d6baa9036}" showlabel="true" colspan="1" rowspan="1" labelid="{6c7720fb-3f36-4a58-b15b-a1e1f59a9133}">
                                <labels>
                                  <label description="Phone" languagecode="1033" />
                                </labels>
                                <control id="telephone1" classid="{4273EDBD-AC1D-40d3-9FB2-095C621B552D}" datafieldname="telephone1" disabled="false" />
                              </cell>
                            </row>
                            <row>
                              <cell id="{e6441984-4343-813a-aa7e-e2747ad35390}" showlabel="true" labelid="{11eaf2a7-da56-479c-9367-67a07d5887f0}">
                                <labels>
                                  <label description="Website" languagecode="1033" />
                                </labels>
                                <control id="websiteurl" classid="{71716B6C-711E-476c-8AB8-5D11542BFB47}" datafieldname="websiteurl" disabled="false" />
                              </cell>
                            </row>
                            <row>
                              <cell id="{87DE203E-B03C-44CC-8B06-438202B82553}" labelid="{77607a71-613b-42a5-9dbe-1e3dee5dc938}">
                                <labels>
                                  <label description="Parent Account" languagecode="1033" />
                                </labels>
                                <events>
                                  <event name="setadditionalparams" application="true" active="true">
                                    <InternalHandlers>
                                      <Handler functionName="AppCommon.Account.Instance.parentaccountid_setadditionalparams" libraryName="AppCommon/Account/Account_main_system_library.js" handlerUniqueId="c5cc10db-58ac-4611-a529-c1ff599707b1" enabled="true" passExecutionContext="true" />
                                    </InternalHandlers>
                                  </event>
                                </events>
                                <control id="parentaccountid" classid="{270BD3DB-D9AF-4782-9025-509E298DEC0A}" datafieldname="parentaccountid" />
                              </cell>
                            </row>
                            <row>
                              <cell id="{5f38af3a-3307-47dc-b36d-d9a5de525e6e}" showlabel="true" labelid="{59fb3c11-3555-406c-81c3-40a7f3516df0}">
                                <labels>
                                  <label description="Ticker Symbol" languagecode="1033" />
                                </labels>
                                <control id="tickersymbol" classid="{1E1FC551-F7A8-43af-AC34-A8DC35C7B6D4}" datafieldname="tickersymbol" disabled="false" />
                              </cell>
                            </row>
                          </rows>
                        </section>
                        <section name="ADDRESS" showlabel="true" locklevel="0" showbar="false" id="{cc0fe06e-4b5f-4648-A62d-84d1514e1fc5}" IsUserDefined="0" layout="varwidth" columns="1" labelwidth="115" celllabelposition="Left" labelid="{50903f11-352c-45f9-9a66-c6a796c08620}">
                          <labels>
                            <label description="ADDRESS" languagecode="1033" />
                          </labels>
                          <rows>
                            <row>
                              <cell id="{4913500e-605a-809b-e99e-69e2710d09bd}" showlabel="true" locklevel="0" labelid="{1e38a16c-a7f5-47e4-9b6d-8b719857d012}">
                                <labels>
                                  <label description="Address 1" languagecode="1033" />
                                </labels>
                                <control id="address1_composite" classid="{E0DECE4B-6FC8-4a8f-A065-082708572369}" datafieldname="address1_composite" disabled="false" />
                              </cell>
                            </row>
                          </rows>
                        </section>
                        <section name="MapSection" showlabel="false" showbar="false" id="{e1c565b8-7db7-4a44-b4e7-281614ff849b}" IsUserDefined="0" layout="varwidth" columns="1" labelwidth="115" celllabelposition="Left" labelid="{18e3750d-2144-4be7-aa9b-f5d8e2551045}">
                          <labels>
                            <label description="" languagecode="1033" />
                          </labels>
                          <rows>
                            <row>
                              <cell id="{7c550a71-c8f5-469b-a221-cc4563525b70}" showlabel="false" rowspan="8" colspan="1" auto="false" labelid="{7df12345-0963-4cf0-8148-a5aa6b7c360e}">
                                <labels>
                                  <label description="Map View" languagecode="1033" />
                                </labels>
                                <control id="mapcontrol" classid="{62B0DF79-0464-470F-8AF7-4483CFEA0C7D}">
                                  <parameters>
                                    <AddressField>address1_composite</AddressField>
                                  </parameters>
                                </control>
                              </cell>
                            </row>
                            <row />
                            <row />
                            <row />
                            <row />
                            <row />
                            <row />
                            <row />
                          </rows>
                        </section>
                      </sections>
                    </column>
                    <column width="42%">
                      <sections>
                        <section name="SOCIAL_PANE_TAB" showlabel="false" showbar="false" id="{7a073b7c-5422-2418-3d26-b2a7eb290832}" IsUserDefined="0" layout="varwidth" columns="1" labelwidth="115" celllabelposition="Top" locklevel="0" celllabelalignment="Left" labelid="{e1077685-ec8b-49b2-9cec-65227811df64}">
                          <labels>
                            <label description="SOCIAL PANE" languagecode="1033" />
                          </labels>
                          <rows>
                            <row>
                              <cell id="{7e87ab43-7321-21c7-5704-24c5c38000c6}" showlabel="false" rowspan="23" auto="false" colspan="1" labelid="{64e41b7c-4351-4846-bcce-532028aa2fdc}">
                                <labels>
                                  <label description="" languagecode="1033" />
                                </labels>
                                <control id="notescontrol" classid="{06375649-c143-495e-a496-c962e5b4488e}" disabled="false" />
                              </cell>
                            </row>
                            <row />
                            <row />
                            <row />
                            <row />
                            <row />
                            <row />
                            <row />
                            <row />
                            <row />
                            <row />
                            <row />
                            <row />
                            <row />
                            <row />
                            <row />
                            <row />
                            <row />
                            <row />
                            <row />
                            <row />
                            <row />
                            <row />
                          </rows>
                        </section>
                      </sections>
                    </column>
                    <column width="25%">
                      <sections>
                        <section name="Summary_section_6" showlabel="false" showbar="false" locklevel="0" id="{ea3bb0a6-b9dc-1b0e-5e7d-74a380ee79a3}" IsUserDefined="0" layout="varwidth" columns="1" labelwidth="115" labelid="{9dd5cd82-ed37-453f-908c-2b6cf3fa6778}">
                          <labels>
                            <label description="Assistant" languagecode="1033" />
                          </labels>
                          <rows>
                            <row>
                              <cell id="{2D126B5E-B0BB-436D-A8B3-B8A7C6E1F5A9}" showlabel="false" rowspan="6" auto="false" colspan="1" labelid="{4871b2c7-21f5-4d0b-a049-1100bec7984a}">
                                <labels>
                                  <label description="Assistant" languagecode="1033" />
                                </labels>
                                <control id="ActionCards" classid="{F9A8A302-114E-466A-B582-6771B2AE0D92}" uniqueid="{3FF9A528-DD50-4ACA-8F10-2E5ED73513AD}" disabled="false">
                                  <parameters>
                                    <ViewId>{92AFD454-0F2E-4397-A1C8-05E37C6AD699}</ViewId>
                                    <IsUserView>false</IsUserView>
                                    <RelationshipName />
                                    <TargetEntityType>actioncard</TargetEntityType>
                                    <AutoExpand>Fixed</AutoExpand>
                                    <EnableViewPicker>false</EnableViewPicker>
                                    <EnableJumpBar>false</EnableJumpBar>
                                    <ChartGridMode>All</ChartGridMode>
                                    <VisualizationId />
                                    <IsUserChart>false</IsUserChart>
                                    <EnableChartPicker>false</EnableChartPicker>
                                    <RecordsPerPage>4</RecordsPerPage>
                                  </parameters>
                                </control>
                              </cell>
                            </row>
                            <row />
                            <row />
                            <row />
                            <row />
                            <row />
                          </rows>
                        </section>
                        <section name="SUMMARY_TAB_section_6" showlabel="false" showbar="false" locklevel="0" id="{d4c3ee9c-ba71-5cdb-31be-2aa505750472}" IsUserDefined="0" layout="varwidth" columns="1" labelwidth="115" celllabelalignment="Left" celllabelposition="Top" labelid="{912af6f8-7bb5-46cf-b4e1-1bb4b261ffce}">
                          <labels>
                            <label description="Section" languagecode="1033" />
                          </labels>
                          <rows>
                            <row>
                              <cell id="{b187688c-8410-5990-16ec-e153968ab583}" showlabel="true" locklevel="0" labelid="{e3f1162c-2a29-42f5-ac42-861c37731269}">
                                <labels>
                                  <label description="Primary Contact" languagecode="1033" />
                                </labels>
                                <control id="primarycontactid" classid="{270BD3DB-D9AF-4782-9025-509E298DEC0A}" datafieldname="primarycontactid" disabled="false">
                                  <parameters>
                                    <FilterRelationshipName>contact_customer_accounts</FilterRelationshipName>
                                    <DependentAttributeName>contact.parentcustomerid</DependentAttributeName>
                                    <DependentAttributeType>account</DependentAttributeType>
                                    <AllowFilterOff>true</AllowFilterOff>
                                    <AutoResolve>true</AutoResolve>
                                    <DisableMru>false</DisableMru>
                                    <DisableQuickFind>false</DisableQuickFind>
                                    <DisableViewPicker>false</DisableViewPicker>
                                    <DefaultViewId>{A2D479C5-53E3-4C69-ADDD-802327E67A0D}</DefaultViewId>
                                  </parameters>
                                </control>
                              </cell>
                            </row>
                            <row>
                              <cell id="{0F664FFF-E39E-4676-9191-CBA16972B21D}" colspan="1" showlabel="false" labelid="{d008a291-4199-48fa-b6ca-c626fcbc9996}">
                                <labels>
                                  <label description="Primary Contact" languagecode="1033" />
                                </labels>
                                <control id="contactquickform" classid="{5C5600E0-1D6E-4205-A272-BE80DA87FD42}" datafieldname="primarycontactid" disabled="false">
                                  <parameters>
                                    <QuickForms>&lt;QuickFormIds&gt;&lt;QuickFormId entityname="contact"&gt;29DE27BC-A257-4F29-99CF-BAB4A84E688F&lt;/QuickFormId&gt;&lt;/QuickFormIds&gt;</QuickForms>
                                    <ControlMode>Edit</ControlMode>
                                  </parameters>
                                </control>
                              </cell>
                            </row>
                            <row>
                              <cell id="{8e24c7e3-6a40-5abb-eadb-254eba5478e2}" showlabel="true" colspan="1" auto="false" rowspan="7" labelid="{6b511cdc-7a97-4128-976b-3b76ed9b1968}">
                                <labels>
                                  <label description="CONTACTS" languagecode="1033" />
                                </labels>
                                <control id="Contacts" classid="{E7A81278-8635-4d9e-8D4D-59480B391C5B}">
                                  <parameters>
                                    <ViewId>{73BC2D9B-4E0E-424C-8839-ED59D6817E3A}</ViewId>
                                    <IsUserView>false</IsUserView>
                                    <RelationshipName>contact_customer_accounts</RelationshipName>
                                    <TargetEntityType>contact</TargetEntityType>
                                    <AutoExpand>Auto</AutoExpand>
                                    <EnableQuickFind>false</EnableQuickFind>
                                    <EnableViewPicker>false</EnableViewPicker>
                                    <ViewIds />
                                    <EnableJumpBar>false</EnableJumpBar>
                                    <ChartGridMode>Grid</ChartGridMode>
                                    <VisualizationId />
                                    <IsUserChart>false</IsUserChart>
                                    <EnableChartPicker>false</EnableChartPicker>
                                    <RecordsPerPage>6</RecordsPerPage>
                                  </parameters>
                                </control>
                              </cell>
                            </row>
                            <row />
                            <row />
                            <row />
                            <row />
                            <row />
                            <row />
                          </rows>
                        </section>
                      </sections>
                    </column>
                  </columns>
                </tab>
                <tab name="DETAILS_TAB" id="{11a42c72-9ded-ea04-253d-2143e731b795}" IsUserDefined="0" showlabel="true" expanded="true" labelid="{843ea32f-0057-4d51-81ce-cf5ce0474e01}">
                  <labels>
                    <label description="Details" languagecode="1033" />
                  </labels>
                  <columns>
                    <column width="34%">
                      <sections>
                        <section name="COMPANY_PROFILE" showlabel="true" showbar="false" id="{ca8587c5-18c0-cac1-7c34-6c639eade090}" IsUserDefined="0" layout="varwidth" columns="1" labelwidth="115" celllabelposition="Left" labelid="{fc223a07-c009-4016-af36-f7793ca75c37}">
                          <labels>
                            <label description="COMPANY PROFILE" languagecode="1033" />
                          </labels>
                          <rows>
                            <row>
                              <cell id="{59782911-4d1a-38dc-ce49-7dae620dbc51}" showlabel="true" labelid="{0d873e73-7dff-4ef7-8df3-2d4e237788e4}">
                                <labels>
                                  <label description="Industry" languagecode="1033" />
                                </labels>
                                <control id="industrycode" classid="{3EF39988-22BB-4f0b-BBBE-64B5A3748AEE}" datafieldname="industrycode" disabled="false" />
                              </cell>
                            </row>
                            <row>
                              <cell id="{930beba3-d531-0808-c403-de95e2ac3e62}" showlabel="true" labelid="{60129e6c-1f65-4564-902c-da0711d1b08f}">
                                <labels>
                                  <label description="SIC Code" languagecode="1033" />
                                </labels>
                                <control id="sic" classid="{4273EDBD-AC1D-40d3-9FB2-095C621B552D}" datafieldname="sic" disabled="false" />
                              </cell>
                            </row>
                            <row>
                              <cell id="{1c33ad89-92a1-8433-2378-306259eb57c0}" showlabel="true" labelid="{e1041d10-5b10-4ec7-9594-b5fc0643cce1}">
                                <labels>
                                  <label description="Ownership" languagecode="1033" />
                                </labels>
                                <control id="ownershipcode" classid="{3EF39988-22BB-4f0b-BBBE-64B5A3748AEE}" datafieldname="ownershipcode" disabled="false" />
                              </cell>
                            </row>
                            <row>
                              <cell id="{a56cc0cd-350e-2901-599b-761d7736e569}" showlabel="false" userspacer="true" labelid="{c6436453-5c87-4f4a-bbc1-2fbbb0b6722b}">
                                <labels>
                                  <label description="" languagecode="1033" />
                                </labels>
                              </cell>
                            </row>
                          </rows>
                        </section>
                        <section name="DETAILS_TAB_section_6" showlabel="true" showbar="false" locklevel="0" id="{e201b9ce-c3d5-c922-dba5-528c25066940}" IsUserDefined="0" layout="varwidth" columns="1" labelwidth="115" celllabelalignment="Left" celllabelposition="Top" height="auto" labelid="{03375cbe-4188-423c-b7eb-7ddf27d396b1}">
                          <labels>
                            <label description="Description" languagecode="1033" />
                          </labels>
                          <rows>
                            <row>
                              <cell id="{a4a726a2-8e3e-79d0-02c3-0a04a6b71089}" showlabel="false" locklevel="0" rowspan="3" auto="true" labelid="{4a54b874-bb43-4679-8a3f-59e494f8b143}">
                                <labels>
                                  <label description="Description" languagecode="1033" />
                                </labels>
                                <control id="description" classid="{E0DECE4B-6FC8-4a8f-A065-082708572369}" datafieldname="description" disabled="false" />
                              </cell>
                            </row>
                            <row />
                            <row height="auto" />
                          </rows>
                        </section>
                      </sections>
                    </column>
                    <column width="33%">
                      <sections>
                        <section name="CONTACT_PREFERENCES" showlabel="true" showbar="false" id="{2787a122-55d5-4c8d-9b21-c8d4ec8cc3fc}" IsUserDefined="0" columns="1" labelwidth="115" celllabelposition="Left" labelid="{f730380f-29d0-4d6b-a92d-8b92b9801a8b}">
                          <labels>
                            <label description="CONTACT PREFERENCES" languagecode="1033" />
                          </labels>
                          <rows>
                            <row>
                              <cell id="{e651d783-6c9f-4e8d-981c-c9577e344e7b}" labelid="{2395772b-a2f7-4430-82ec-ce3c0d537cac}">
                                <labels>
                                  <label description="Contact Method" languagecode="1033" />
                                </labels>
                                <control id="preferredcontactmethodcode" classid="{3EF39988-22BB-4f0b-BBBE-64B5A3748AEE}" datafieldname="preferredcontactmethodcode" />
                              </cell>
                            </row>
                            <row>
                              <cell id="{0a536c64-788d-4f22-a388-fbddfdee8142}" labelid="{3bbb2555-a504-4434-8bf3-883408ec7fc3}">
                                <labels>
                                  <label description="Email" languagecode="1033" />
                                </labels>
                                <control id="donotemail" classid="{67FAC785-CD58-4f9f-ABB3-4B7DDC6ED5ED}" datafieldname="donotemail" />
                              </cell>
                            </row>
                            <row>
                              <cell id="{82b8410d-3b9c-4aca-9968-6b3e493ef92e}" labelid="{c722fe6e-c57e-4335-b93c-498a48a9081e}">
                                <labels>
                                  <label description="Follow Email" languagecode="1033" />
                                </labels>
                                <control id="followemail" classid="{67FAC785-CD58-4f9f-ABB3-4B7DDC6ED5ED}" datafieldname="followemail" />
                              </cell>
                            </row>
                            <row>
                              <cell id="{cfa09fa5-ccb6-4f97-bd8d-d7e037a7aab1}" labelid="{f7817506-74d5-4a6b-9b4a-93ffb372b3b1}">
                                <labels>
                                  <label description="Bulk Email" languagecode="1033" />
                                </labels>
                                <control id="donotbulkemail" classid="{67FAC785-CD58-4f9f-ABB3-4B7DDC6ED5ED}" datafieldname="donotbulkemail" />
                              </cell>
                            </row>
                            <row>
                              <cell id="{f587cb66-b142-47c9-bc7a-009875261840}" labelid="{0a7d141c-56f5-4947-952f-d3c8f82a8efc}">
                                <labels>
                                  <label description="Phone" languagecode="1033" />
                                </labels>
                                <control id="donotphone" classid="{67FAC785-CD58-4f9f-ABB3-4B7DDC6ED5ED}" datafieldname="donotphone" />
                              </cell>
                            </row>
                            <row>
                              <cell id="{12927a20-3614-4546-89fc-9bdbd9b7432f}" labelid="{8e557532-206b-46e4-adb5-b8c53e6f9e53}">
                                <labels>
                                  <label description="Fax" languagecode="1033" />
                                </labels>
                                <control id="donotfax" classid="{67FAC785-CD58-4f9f-ABB3-4B7DDC6ED5ED}" datafieldname="donotfax" />
                              </cell>
                            </row>
                            <row>
                              <cell id="{ed50e866-7968-483d-8388-0e6313d3c784}" labelid="{28105666-6a78-4249-aaf4-8bf33e6f3df2}">
                                <labels>
                                  <label description="Mail" languagecode="1033" />
                                </labels>
                                <control id="donotpostalmail" classid="{67FAC785-CD58-4f9f-ABB3-4B7DDC6ED5ED}" datafieldname="donotpostalmail" />
                              </cell>
                            </row>
                          </rows>
                        </section>
                      </sections>
                    </column>
                    <column width="33%">
                      <sections>
                        <section name="BILLING" showlabel="true" showbar="false" id="{910de80a-a17e-092a-255d-44d775cb4207}" IsUserDefined="0" layout="varwidth" columns="1" labelwidth="115" celllabelposition="Left" locklevel="0" celllabelalignment="Left" labelid="{f7e73a23-03a6-4314-9490-99092885dd13}">
                          <labels>
                            <label description="BILLING" languagecode="1033" />
                          </labels>
                          <rows>
                            <row>
                              <cell id="{7cd2b88c-b25c-4729-9c27-f59ebb5a1538}" labelid="{e0355b62-09bf-4012-a88e-69e9ff90cf21}">
                                <labels>
                                  <label description="Currency" languagecode="1033" />
                                </labels>
                                <control id="transactioncurrencyid" classid="{270BD3DB-D9AF-4782-9025-509E298DEC0A}" datafieldname="transactioncurrencyid" />
                              </cell>
                            </row>
                            <row>
                              <cell id="{0125719c-a5b0-4230-9817-3fba5d6ebfaf}" labelid="{eecc2e4a-64b9-4ca9-8978-d66292b1affa}">
                                <labels>
                                  <label description="Credit Limit" languagecode="1033" />
                                </labels>
                                <control id="creditlimit" classid="{533B9E00-756B-4312-95A0-DC888637AC78}" datafieldname="creditlimit" />
                              </cell>
                            </row>
                            <row>
                              <cell id="{abc2c862-bcd4-4a4b-ac51-c311d4e66d5b}" labelid="{2cb5ace8-666b-49d1-a97a-42cfec360107}">
                                <labels>
                                  <label description="Credit Hold" languagecode="1033" />
                                </labels>
                                <control id="creditonhold" classid="{67FAC785-CD58-4f9f-ABB3-4B7DDC6ED5ED}" datafieldname="creditonhold" />
                              </cell>
                            </row>
                            <row>
                              <cell id="{0bab9157-d14e-441f-969d-80460634c15e}" labelid="{f89c63ee-93b8-4bb6-986b-22e5a1d4484b}">
                                <labels>
                                  <label description="Payment Terms" languagecode="1033" />
                                </labels>
                                <control id="paymenttermscode" classid="{3EF39988-22BB-4f0b-BBBE-64B5A3748AEE}" datafieldname="paymenttermscode" />
                              </cell>
                            </row>
                          </rows>
                        </section>
                        <section name="SHIPPING" showlabel="true" showbar="false" id="{d61ba33b-9648-d541-459d-ae145a6854db}" IsUserDefined="0" layout="varwidth" columns="1" labelwidth="115" celllabelposition="Left" locklevel="0" celllabelalignment="Left" labelid="{e449f1c7-9f4c-4843-868b-9ed37dbe2461}">
                          <labels>
                            <label description="SHIPPING" languagecode="1033" />
                          </labels>
                          <rows>
                            <row>
                              <cell id="{4d2e776d-7d85-c51b-3900-1ae7323b0a6b}" showlabel="true" labelid="{80bbfa68-fdba-488a-9b50-f2469abdf8ca}">
                                <labels>
                                  <label description="Shipping Method" languagecode="1033" />
                                </labels>
                                <control id="address1_shippingmethodcode" classid="{3EF39988-22BB-4f0b-BBBE-64B5A3748AEE}" datafieldname="address1_shippingmethodcode" />
                              </cell>
                            </row>
                            <row>
                              <cell id="{02719696-a5da-b791-48c3-4e8cb8b110d5}" showlabel="true" labelid="{fe48f161-8c20-4db1-87cb-e7cc453e3069}">
                                <labels>
                                  <label description="Freight Terms" languagecode="1033" />
                                </labels>
                                <control id="address1_freighttermscode" classid="{3EF39988-22BB-4f0b-BBBE-64B5A3748AEE}" datafieldname="address1_freighttermscode" />
                              </cell>
                            </row>
                          </rows>
                        </section>
                        <section name="ChildAccounts" showlabel="true" showbar="false" locklevel="0" id="{1e0e4517-ba6b-1540-53a9-09647d67443a}" IsUserDefined="0" layout="varwidth" columns="1" labelwidth="115" celllabelalignment="Left" celllabelposition="Left" labelid="{0ebb433c-1f44-4be6-8a1b-73fd1658e6af}">
                          <labels>
                            <label description="CHILD ACCOUNTS" languagecode="1033" />
                          </labels>
                          <rows>
                            <row>
                              <cell id="{8b1d7a7a-972c-78c1-d287-82ec5b33d167}" showlabel="false" colspan="1" auto="false" rowspan="6" labelid="{cda1cb6e-cafc-43de-9c11-360f1c412eb2}">
                                <labels>
                                  <label description="Child Accounts" languagecode="1033" />
                                </labels>
                                <control id="ChildAccounts" classid="{E7A81278-8635-4d9e-8D4D-59480B391C5B}">
                                  <parameters>
                                    <ViewId>{00000000-0000-0000-00AA-000010001002}</ViewId>
                                    <IsUserView>false</IsUserView>
                                    <RelationshipName>account_parent_account</RelationshipName>
                                    <TargetEntityType>account</TargetEntityType>
                                    <AutoExpand>Fixed</AutoExpand>
                                    <EnableQuickFind>false</EnableQuickFind>
                                    <EnableViewPicker>false</EnableViewPicker>
                                    <ViewIds>{00000000-0000-0000-00AA-000010001002},{00000000-0000-0000-00AA-000010001001}</ViewIds>
                                    <EnableJumpBar>false</EnableJumpBar>
                                    <ChartGridMode>Grid</ChartGridMode>
                                    <VisualizationId>{74A622C0-5193-DE11-97D4-00155DA3B01E}</VisualizationId>
                                    <IsUserChart>false</IsUserChart>
                                    <EnableChartPicker>false</EnableChartPicker>
                                    <RecordsPerPage>4</RecordsPerPage>
                                  </parameters>
                                </control>
                              </cell>
                            </row>
                            <row />
                            <row />
                            <row />
                            <row />
                            <row />
                          </rows>
                        </section>
                      </sections>
                    </column>
                  </columns>
                </tab>
              </tabs>
              <events>
                <event name="onload" application="true" active="true">
                  <InternalHandlers>
                    <Handler functionName="AppCommon.Account.Instance.ra_onload" libraryName="AppCommon/Account/Account_main_system_library.js" handlerUniqueId="7927DD68-5AC5-4E9A-B39A-44F62467656A" enabled="true" />
                  </InternalHandlers>
                </event>
              </events>
              <header id="{d5a03552-1183-4347-a237-1f894ba449eb}" columns="111" celllabelposition="Top" labelwidth="115">
                <rows>
                  <row>
                    <cell id="{d3e19d4e-b2ae-409f-9b4e-5976527c6c83}" labelid="{511732c6-9146-42fd-ad72-42afd0160d3c}">
                      <labels>
                        <label description="Annual Revenue" languagecode="1033" />
                      </labels>
                      <control id="header_revenue" classid="{533B9E00-756B-4312-95A0-DC888637AC78}" datafieldname="revenue" />
                    </cell>
                    <cell id="{2adb5a52-604d-5aad-ba6a-2bbab6c33594}" showlabel="true" labelid="{0782ead7-e183-4d51-b1fb-671d7bf306e1}">
                      <labels>
                        <label description="Number of Employees" languagecode="1033" />
                      </labels>
                      <control id="header_numberofemployees" classid="{C6D124CA-7EDA-4a60-AEA9-7FB8D318B68F}" datafieldname="numberofemployees" />
                    </cell>
                    <cell id="{54b2d0a2-eb77-b3cd-b60a-03ea6944e98e}" showlabel="true" locklevel="1" labelid="{58abd505-41c9-45f0-b338-4d2a646bc4f2}">
                      <labels>
                        <label description="Owner" languagecode="1033" />
                      </labels>
                      <control id="header_ownerid" classid="{270BD3DB-D9AF-4782-9025-509E298DEC0A}" datafieldname="ownerid" />
                    </cell>
                  </row>
                </rows>
              </header>
              <clientresources>
                <internalresources>
                  <clientincludes>
                    <internaljscriptfile src="$webresource:AppCommon/Account/Account_main_system_library.js" />
                  </clientincludes>
                </internalresources>
              </clientresources>
              <Navigation>
                <NavBar>
                  <NavBarByRelationshipItem RelationshipName="Account_CustomerAddress" Id="navAddresses" Sequence="10" Area="Info" Show="false">
                    <Privileges>
                      <Privilege Entity="" Privilege="ReadActivity" />
                    </Privileges>
                    <Titles>
                      <Title LCID="1033" Text="Addresses" />
                      <Title LCID="1025" Text="العناوين" />
                      <Title LCID="1026" Text="Адреси" />
                      <Title LCID="1027" Text="Adreces" />
                      <Title LCID="1029" Text="Adresy" />
                      <Title LCID="1030" Text="Adresser" />
                      <Title LCID="1031" Text="Adressen" />
                      <Title LCID="1032" Text="Διευθύνσεις" />
                      <Title LCID="3082" Text="Direcciones" />
                      <Title LCID="1061" Text="Aadressid" />
                      <Title LCID="1069" Text="Helbideak" />
                      <Title LCID="1035" Text="Osoitteet" />
                      <Title LCID="1036" Text="Adresses" />
                      <Title LCID="1110" Text="Enderezos" />
                      <Title LCID="1037" Text="כתובות" />
                      <Title LCID="1081" Text="पते" />
                      <Title LCID="1050" Text="Adrese" />
                      <Title LCID="1038" Text="Címek" />
                      <Title LCID="1057" Text="Alamat" />
                      <Title LCID="1040" Text="Indirizzi" />
                      <Title LCID="1041" Text="住所" />
                      <Title LCID="1087" Text="Мекенжайлар" />
                      <Title LCID="1042" Text="주소" />
                      <Title LCID="1063" Text="Adresai" />
                      <Title LCID="1062" Text="Adreses" />
                      <Title LCID="1086" Text="Alamat" />
                      <Title LCID="1044" Text="Adresser" />
                      <Title LCID="1043" Text="Adressen" />
                      <Title LCID="1045" Text="Adresy" />
                      <Title LCID="1046" Text="Endereços" />
                      <Title LCID="2070" Text="Endereços" />
                      <Title LCID="1048" Text="Adrese" />
                      <Title LCID="1049" Text="Адреса" />
                      <Title LCID="1051" Text="Adresy" />
                      <Title LCID="1060" Text="Naslovi" />
                      <Title LCID="3098" Text="Адресе" />
                      <Title LCID="10266" Text="Адресе" />
                      <Title LCID="2074" Text="Adrese" />
                      <Title LCID="9242" Text="Adrese" />
                      <Title LCID="1053" Text="Adresser" />
                      <Title LCID="1054" Text="ที่อยู่" />
                      <Title LCID="1055" Text="Adresler" />
                      <Title LCID="1058" Text="Адреси" />
                      <Title LCID="1066" Text="Địa chỉ" />
                      <Title LCID="2052" Text="地址" />
                      <Title LCID="3076" Text="地址" />
                      <Title LCID="1028" Text="地址" />
                    </Titles>
                  </NavBarByRelationshipItem>
                  <NavBarByRelationshipItem RelationshipName="account_parent_account" Id="navSubAccts" TitleResourceId="Label_SubAccounts" Sequence="10" Area="Info" Show="false">
                    <Privileges>
                      <Privilege Entity="" Privilege="ReadActivity" />
                    </Privileges>
                    <Titles>
                      <Title LCID="1033" Text="Accounts" />
                      <Title LCID="1025" Text="الحسابات" />
                      <Title LCID="1026" Text="Акаунти" />
                      <Title LCID="1027" Text="Comptes" />
                      <Title LCID="1029" Text="Obchodní vztahy" />
                      <Title LCID="1030" Text="Firmaer" />
                      <Title LCID="1031" Text="Firmen" />
                      <Title LCID="1032" Text="Λογαριασμοί" />
                      <Title LCID="3082" Text="Cuentas" />
                      <Title LCID="1061" Text="Kontod" />
                      <Title LCID="1069" Text="Kontuak" />
                      <Title LCID="1035" Text="Asiakkaat" />
                      <Title LCID="1036" Text="Comptes" />
                      <Title LCID="1110" Text="Contas" />
                      <Title LCID="1037" Text="תיקי לקוחות" />
                      <Title LCID="1081" Text="खाते" />
                      <Title LCID="1050" Text="Kupci" />
                      <Title LCID="1038" Text="Partnerek" />
                      <Title LCID="1057" Text="Akun" />
                      <Title LCID="1040" Text="Account" />
                      <Title LCID="1041" Text="取引先企業" />
                      <Title LCID="1087" Text="Тіркелгілер" />
                      <Title LCID="1042" Text="거래처" />
                      <Title LCID="1063" Text="Klientai" />
                      <Title LCID="1062" Text="Uzņēmumi" />
                      <Title LCID="1086" Text="Akaun" />
                      <Title LCID="1044" Text="Forretningsforbindelser" />
                      <Title LCID="1043" Text="Accounts" />
                      <Title LCID="1045" Text="Klienci" />
                      <Title LCID="1046" Text="Contas" />
                      <Title LCID="2070" Text="Contas" />
                      <Title LCID="1048" Text="Conturi" />
                      <Title LCID="1049" Text="Организации" />
                      <Title LCID="1051" Text="Obchodné vzťahy" />
                      <Title LCID="1060" Text="Računi" />
                      <Title LCID="3098" Text="Пословни контакти" />
                      <Title LCID="10266" Text="Пословни контакти" />
                      <Title LCID="2074" Text="Poslovni kontakti" />
                      <Title LCID="9242" Text="Poslovni kontakti" />
                      <Title LCID="1053" Text="Konton" />
                      <Title LCID="1054" Text="บัญชี" />
                      <Title LCID="1055" Text="Firmalar" />
                      <Title LCID="1058" Text="Бізнес-партнери" />
                      <Title LCID="1066" Text="Khách hàng" />
                      <Title LCID="2052" Text="帐户" />
                      <Title LCID="3076" Text="客戶" />
                      <Title LCID="1028" Text="客戶" />
                    </Titles>
                  </NavBarByRelationshipItem>
                  <NavBarByRelationshipItem RelationshipName="account_customer_relationship_customer" Id="navRelationships" TitleResourceId="Left_Nav_Area_Relationships" Sequence="10" Area="Info" Show="false">
                    <Privileges>
                      <Privilege Entity="" Privilege="ReadActivity" />
                    </Privileges>
                    <Titles>
                      <Title LCID="1033" Text="CustomerRelationship" />
                      <Title LCID="1025" Text="CustomerRelationship" />
                      <Title LCID="1026" Text="CustomerRelationship" />
                      <Title LCID="1027" Text="CustomerRelationship" />
                      <Title LCID="1029" Text="CustomerRelationship" />
                      <Title LCID="1030" Text="CustomerRelationship" />
                      <Title LCID="1031" Text="CustomerRelationship" />
                      <Title LCID="1032" Text="CustomerRelationship" />
                      <Title LCID="3082" Text="CustomerRelationship" />
                      <Title LCID="1061" Text="CustomerRelationship" />
                      <Title LCID="1069" Text="CustomerRelationship" />
                      <Title LCID="1035" Text="CustomerRelationship" />
                      <Title LCID="1036" Text="CustomerRelationship" />
                      <Title LCID="1110" Text="CustomerRelationship" />
                      <Title LCID="1037" Text="CustomerRelationship" />
                      <Title LCID="1081" Text="CustomerRelationship" />
                      <Title LCID="1050" Text="CustomerRelationship" />
                      <Title LCID="1038" Text="CustomerRelationship" />
                      <Title LCID="1057" Text="CustomerRelationship" />
                      <Title LCID="1040" Text="CustomerRelationship" />
                      <Title LCID="1041" Text="CustomerRelationship" />
                      <Title LCID="1087" Text="CustomerRelationship" />
                      <Title LCID="1042" Text="CustomerRelationship" />
                      <Title LCID="1063" Text="CustomerRelationship" />
                      <Title LCID="1062" Text="CustomerRelationship" />
                      <Title LCID="1086" Text="CustomerRelationship" />
                      <Title LCID="1044" Text="CustomerRelationship" />
                      <Title LCID="1043" Text="CustomerRelationship" />
                      <Title LCID="1045" Text="CustomerRelationship" />
                      <Title LCID="1046" Text="CustomerRelationship" />
                      <Title LCID="2070" Text="CustomerRelationship" />
                      <Title LCID="1048" Text="CustomerRelationship" />
                      <Title LCID="1049" Text="CustomerRelationship" />
                      <Title LCID="1051" Text="CustomerRelationship" />
                      <Title LCID="1060" Text="CustomerRelationship" />
                      <Title LCID="3098" Text="CustomerRelationship" />
                      <Title LCID="10266" Text="CustomerRelationship" />
                      <Title LCID="2074" Text="CustomerRelationship" />
                      <Title LCID="9242" Text="CustomerRelationship" />
                      <Title LCID="1053" Text="CustomerRelationship" />
                      <Title LCID="1054" Text="CustomerRelationship" />
                      <Title LCID="1055" Text="CustomerRelationship" />
                      <Title LCID="1058" Text="CustomerRelationship" />
                      <Title LCID="1066" Text="CustomerRelationship" />
                      <Title LCID="2052" Text="CustomerRelationship" />
                      <Title LCID="3076" Text="CustomerRelationship" />
                      <Title LCID="1028" Text="CustomerRelationship" />
                    </Titles>
                  </NavBarByRelationshipItem>
                  <NavBarByRelationshipItem RelationshipName="hardcoded_{B7196B13-6B9D-42CD-BD58-B19A3953126F}navCampaignsInSFA" Sequence="20" Area="Marketing" Id="navCampaignsInSFA" Show="false">
                    <Titles>
                      <Title LCID="1033" Text="Campaigns" />
                      <Title LCID="1025" Text="الحملات" />
                      <Title LCID="1026" Text="Кампании" />
                      <Title LCID="1027" Text="Campanyes" />
                      <Title LCID="1029" Text="Kampaně" />
                      <Title LCID="1030" Text="Kampagner" />
                      <Title LCID="1031" Text="Kampagnen" />
                      <Title LCID="1032" Text="Εκστρατείες" />
                      <Title LCID="3082" Text="Campañas" />
                      <Title LCID="1061" Text="Kampaaniad" />
                      <Title LCID="1069" Text="Kanpainak" />
                      <Title LCID="1035" Text="Kampanjat" />
                      <Title LCID="1036" Text="Campagnes" />
                      <Title LCID="1110" Text="Campañas" />
                      <Title LCID="1037" Text="קמפיינים" />
                      <Title LCID="1081" Text="अभियान" />
                      <Title LCID="1050" Text="Kampanje" />
                      <Title LCID="1038" Text="Kampányok" />
                      <Title LCID="1057" Text="Kampanye" />
                      <Title LCID="1040" Text="Campagne" />
                      <Title LCID="1041" Text="キャンペーン" />
                      <Title LCID="1087" Text="Науқандар" />
                      <Title LCID="1042" Text="캠페인" />
                      <Title LCID="1063" Text="Kampanijos" />
                      <Title LCID="1062" Text="Kampaņas" />
                      <Title LCID="1086" Text="Kempen" />
                      <Title LCID="1044" Text="Kampanjer" />
                      <Title LCID="1043" Text="Campagnes" />
                      <Title LCID="1045" Text="Kampanie" />
                      <Title LCID="1046" Text="Campanhas" />
                      <Title LCID="2070" Text="Campanhas" />
                      <Title LCID="1048" Text="Campanii" />
                      <Title LCID="1049" Text="Кампании" />
                      <Title LCID="1051" Text="Kampane" />
                      <Title LCID="1060" Text="Akcije" />
                      <Title LCID="3098" Text="Кампање" />
                      <Title LCID="10266" Text="Кампање" />
                      <Title LCID="2074" Text="Kampanje" />
                      <Title LCID="9242" Text="Kampanje" />
                      <Title LCID="1053" Text="Kampanjer" />
                      <Title LCID="1054" Text="การส่งเสริมการขาย" />
                      <Title LCID="1055" Text="Kampanyalar" />
                      <Title LCID="1058" Text="Кампанії" />
                      <Title LCID="1066" Text="Chiến dịch" />
                      <Title LCID="2052" Text="市场活动" />
                      <Title LCID="3076" Text="行銷活動" />
                      <Title LCID="1028" Text="行銷活動" />
                    </Titles>
                  </NavBarByRelationshipItem>
                  <NavBarByRelationshipItem RelationshipName="hardcoded_{B7196B13-6B9D-42CD-BD58-B19A3953126F}navProcessSessions" Sequence="9700" Area="ProcessCenter" Id="navProcessSessions" Show="false">
                    <Titles>
                      <Title LCID="1033" Text="Dialog Sessions" />
                      <Title LCID="1025" Text="جلسات عمل الحوار" />
                      <Title LCID="1026" Text="Диалогови сесии" />
                      <Title LCID="1027" Text="Sessions del diàleg" />
                      <Title LCID="1029" Text="Relace dialogů" />
                      <Title LCID="1030" Text="Dialogsessioner" />
                      <Title LCID="1031" Text="Dialogsitzungen" />
                      <Title LCID="1032" Text="Περίοδοι λειτουργίας παραθύρου διαλόγου" />
                      <Title LCID="3082" Text="Sesiones de diálogo" />
                      <Title LCID="1061" Text="Dialoogiseansid" />
                      <Title LCID="1069" Text="Elkarrizketa-saioak" />
                      <Title LCID="1035" Text="Dialogi-istunnot" />
                      <Title LCID="1036" Text="Sessions de dialogue" />
                      <Title LCID="1110" Text="Sesións de diálogo" />
                      <Title LCID="1037" Text="הפעלות דו-שיח" />
                      <Title LCID="1081" Text="संवाद सत्र" />
                      <Title LCID="1050" Text="Sesije dijaloga" />
                      <Title LCID="1038" Text="Párbeszéd-munkamenetek" />
                      <Title LCID="1057" Text="Sesi Dialog" />
                      <Title LCID="1040" Text="Sessioni di interazione" />
                      <Title LCID="1041" Text="ダイアログ セッション" />
                      <Title LCID="1087" Text="Диалог сеанстары" />
                      <Title LCID="1042" Text="대화 세션" />
                      <Title LCID="1063" Text="Dialogo seansai" />
                      <Title LCID="1062" Text="Dialogu sesijas" />
                      <Title LCID="1086" Text="Sesi Dialog" />
                      <Title LCID="1044" Text="Dialogøkter" />
                      <Title LCID="1043" Text="Dialoogvenstersessies" />
                      <Title LCID="1045" Text="Sesje dialogowe" />
                      <Title LCID="1046" Text="Sessões de Diálogo" />
                      <Title LCID="2070" Text="Sessões de Diálogo" />
                      <Title LCID="1048" Text="Sesiuni de dialog" />
                      <Title LCID="1049" Text="Сеансы диалогового окна" />
                      <Title LCID="1051" Text="Relácie dialógového okna" />
                      <Title LCID="1060" Text="Seje dialoga" />
                      <Title LCID="3098" Text="Сесије дијалога" />
                      <Title LCID="10266" Text="Сесије дијалога" />
                      <Title LCID="2074" Text="Sesije dijaloga" />
                      <Title LCID="9242" Text="Sesije dijaloga" />
                      <Title LCID="1053" Text="Dialogsessioner" />
                      <Title LCID="1054" Text="เซสชันของกล่องโต้ตอบ" />
                      <Title LCID="1055" Text="Diyalog Oturumları" />
                      <Title LCID="1058" Text="Сеанси діалогу" />
                      <Title LCID="1066" Text="Phiên hộp thoại" />
                      <Title LCID="2052" Text="对话会话" />
                      <Title LCID="3076" Text="對話方塊工作階段" />
                      <Title LCID="1028" Text="對話方塊工作階段" />
                    </Titles>
                  </NavBarByRelationshipItem>
                  <NavBarByRelationshipItem RelationshipName="hardcoded_{B7196B13-6B9D-42CD-BD58-B19A3953126F}navAsyncOperations" Sequence="9500" Area="ProcessCenter" Id="navAsyncOperations" Show="false">
                    <Titles>
                      <Title LCID="1033" Text="Workflows" />
                      <Title LCID="1025" Text="عمليات سير العمل" />
                      <Title LCID="1026" Text="Работни потоци" />
                      <Title LCID="1027" Text="Fluxos de treball" />
                      <Title LCID="1029" Text="Pracovní postupy" />
                      <Title LCID="1030" Text="Arbejdsprocesser" />
                      <Title LCID="1031" Text="Workflows" />
                      <Title LCID="1032" Text="Ροές εργασιών" />
                      <Title LCID="3082" Text="Flujos de trabajo" />
                      <Title LCID="1061" Text="Töövood" />
                      <Title LCID="1069" Text="Lan-fluxuak" />
                      <Title LCID="1035" Text="Työnkulut" />
                      <Title LCID="1036" Text="Workflows" />
                      <Title LCID="1110" Text="Fluxos de traballo" />
                      <Title LCID="1037" Text="זרימות עבודה" />
                      <Title LCID="1081" Text="कार्य प्रवाह" />
                      <Title LCID="1050" Text="Tjekovi rada" />
                      <Title LCID="1038" Text="Munkafolyamatok" />
                      <Title LCID="1057" Text="Alur Kerja" />
                      <Title LCID="1040" Text="Flussi di lavoro" />
                      <Title LCID="1041" Text="ワークフロー" />
                      <Title LCID="1087" Text="Жұмыс ағындары" />
                      <Title LCID="1042" Text="워크플로" />
                      <Title LCID="1063" Text="Darbo eigos" />
                      <Title LCID="1062" Text="Darbplūsmas" />
                      <Title LCID="1086" Text="Aliran Kerja" />
                      <Title LCID="1044" Text="Arbeidsflyter" />
                      <Title LCID="1043" Text="Werkstromen" />
                      <Title LCID="1045" Text="Przepływy pracy" />
                      <Title LCID="1046" Text="Fluxos de Trabalho" />
                      <Title LCID="2070" Text="Fluxos de Trabalho" />
                      <Title LCID="1048" Text="Fluxuri de lucru" />
                      <Title LCID="1049" Text="Бизнес-процессы" />
                      <Title LCID="1051" Text="Pracovné postupy" />
                      <Title LCID="1060" Text="Poteki dela" />
                      <Title LCID="3098" Text="Токови посла" />
                      <Title LCID="10266" Text="Токови посла" />
                      <Title LCID="2074" Text="Tokovi posla" />
                      <Title LCID="9242" Text="Tokovi posla" />
                      <Title LCID="1053" Text="Arbetsflöden" />
                      <Title LCID="1054" Text="เวิร์กโฟลว์" />
                      <Title LCID="1055" Text="İş Akışları" />
                      <Title LCID="1058" Text="Робочі цикли" />
                      <Title LCID="1066" Text="Quy trình làm việc" />
                      <Title LCID="2052" Text="工作流" />
                      <Title LCID="3076" Text="工作流程" />
                      <Title LCID="1028" Text="工作流程" />
                    </Titles>
                  </NavBarByRelationshipItem>
                </NavBar>
              </Navigation>
              <controlDescriptions>
                <controlDescription forControl="{3FF9A528-DD50-4ACA-8F10-2E5ED73513AD}">
                  <customControl formFactor="2" name="MscrmControls.CardFeedContainer.CardFeedContainer">
                    <parameters>
                      <data-set name="SubGrid">
                        <ViewId>{92AFD454-0F2E-4397-A1C8-05E37C6AD699}</ViewId>
                        <IsUserView>false</IsUserView>
                        <TargetEntityType>actioncard</TargetEntityType>
                        <FilteredViewIds>{92AFD454-0F2E-4397-A1C8-05E37C6AfD699}</FilteredViewIds>
                        <EnableViewPicker>false</EnableViewPicker>
                      </data-set>
                      <EntityTypeCode static="true" type="Decimal">1</EntityTypeCode>
                      <Location static="true" type="Decimal">1</Location>
                      <msinternal.isvisibleinmocaonly static="true">true</msinternal.isvisibleinmocaonly>
                    </parameters>
                  </customControl>
                  <customControl formFactor="0" name="MscrmControls.CardFeedContainer.CardFeedContainer">
                    <parameters>
                      <data-set name="SubGrid">
                        <ViewId>{92AFD454-0F2E-4397-A1C8-05E37C6AD699}</ViewId>
                        <IsUserView>false</IsUserView>
                        <TargetEntityType>actioncard</TargetEntityType>
                        <FilteredViewIds>{92AFD454-0F2E-4397-A1C8-05E37C6AfD699}</FilteredViewIds>
                        <EnableViewPicker>false</EnableViewPicker>
                      </data-set>
                      <EntityTypeCode static="true" type="Decimal">1</EntityTypeCode>
                      <Location static="true" type="Decimal">1</Location>
                      <msinternal.isvisibleinmocaonly static="true">true</msinternal.isvisibleinmocaonly>
                    </parameters>
                  </customControl>
                  <customControl formFactor="1" name="MscrmControls.CardFeedContainer.CardFeedContainer">
                    <parameters>
                      <data-set name="SubGrid">
                        <ViewId>{92AFD454-0F2E-4397-A1C8-05E37C6AD699}</ViewId>
                        <IsUserView>false</IsUserView>
                        <TargetEntityType>actioncard</TargetEntityType>
                        <FilteredViewIds>{92AFD454-0F2E-4397-A1C8-05E37C6AfD699}</FilteredViewIds>
                        <EnableViewPicker>false</EnableViewPicker>
                      </data-set>
                      <EntityTypeCode static="true" type="Decimal">1</EntityTypeCode>
                      <Location static="true" type="Decimal">1</Location>
                      <msinternal.isvisibleinmocaonly static="true">true</msinternal.isvisibleinmocaonly>
                    </parameters>
                  </customControl>
                </controlDescription>
              </controlDescriptions>
              <DisplayConditions FallbackForm="true" Order="4">
                <Role Id="{627090ff-40a3-4053-8790-584edc5be201}" />
                <Role Id="{119f245c-3cc8-4b62-b31c-d1a046ced15d}" />
              </DisplayConditions>
              <footer id="{f9d0615c-6825-4d53-a11a-8800f87bf195}" celllabelposition="Top" columns="111" labelwidth="115" celllabelalignment="Left">
                <rows>
                  <row>
                    <cell id="{3970dc85-8de9-4fd2-9955-e1141103d076}" showlabel="false" labelid="{6626898a-c957-4bfd-81b5-f2a0a0275fdd}">
                      <labels>
                        <label description="" languagecode="1033" />
                      </labels>
                    </cell>
                    <cell id="{b6e1e02f-d3c2-4735-9b60-b6829af84e68}" showlabel="false" labelid="{59c3ab8e-bc3d-43a7-984a-380a7338c48e}">
                      <labels>
                        <label description="" languagecode="1033" />
                      </labels>
                    </cell>
                    <cell id="{d48dafea-5bc5-41be-aa42-890ed2c21e7f}" showlabel="false" labelid="{12d3f8d1-589b-4d94-9ae2-0245a1cd0a5c}">
                      <labels>
                        <label description="" languagecode="1033" />
                      </labels>
                    </cell>
                  </row>
                </rows>
              </footer>
            </form>
            <IsCustomizable>1</IsCustomizable>
            <CanBeDeleted>1</CanBeDeleted>
            <LocalizedNames>
              <LocalizedName description="Account main form" languagecode="1033" />
            </LocalizedNames>
            <Descriptions>
              <Description description="Updated default Account form." languagecode="1033" />
            </Descriptions>
          </systemform>
        </forms>
      </FormXml>
      <RibbonDiffXml>
        <CustomActions />
        <Templates>
          <RibbonTemplates Id="Mscrm.Templates"></RibbonTemplates>
        </Templates>
        <CommandDefinitions />
        <RuleDefinitions>
          <TabDisplayRules />
          <DisplayRules />
          <EnableRules />
        </RuleDefinitions>
        <LocLabels />
      </RibbonDiffXml>
    </Entity>
  </Entities>
  <Roles></Roles>
  <Workflows></Workflows>
  <FieldSecurityProfiles></FieldSecurityProfiles>
  <Templates />
  <EntityImageConfigs>
    <EntityImageConfig>
      <parententitylogicalname>account</parententitylogicalname>
      <primaryimageattribute>crd95_image1primary</primaryimageattribute>
    </EntityImageConfig>
  </EntityImageConfigs>
  <AttributeImageConfigs>
    <AttributeImageConfig>
      <attributelogicalname>crd95_image2nonprimary</attributelogicalname>
      <parententitylogicalname>account</parententitylogicalname>
      <canstorefullimage>1</canstorefullimage>
    </AttributeImageConfig>
    <AttributeImageConfig>
      <attributelogicalname>crd95_image1primary</attributelogicalname>
      <parententitylogicalname>account</parententitylogicalname>
      <canstorefullimage>1</canstorefullimage>
    </AttributeImageConfig>
  </AttributeImageConfigs>
  <EntityMaps />
  <EntityRelationships>
    <EntityRelationship Name="FileAttachment_Account_crd95_file1">
      <EntityRelationshipType>OneToMany</EntityRelationshipType>
      <IsCustomizable>0</IsCustomizable>
      <IntroducedVersion>1.0.0.0</IntroducedVersion>
      <IsHierarchical>0</IsHierarchical>
      <ReferencingEntityName>Account</ReferencingEntityName>
      <ReferencedEntityName>FileAttachment</ReferencedEntityName>
      <CascadeAssign>NoCascade</CascadeAssign>
      <CascadeDelete>RemoveLink</CascadeDelete>
      <CascadeReparent>NoCascade</CascadeReparent>
      <CascadeShare>NoCascade</CascadeShare>
      <CascadeUnshare>NoCascade</CascadeUnshare>
      <IsValidForAdvancedFind>0</IsValidForAdvancedFind>
      <ReferencingAttributeName>crd95_file1</ReferencingAttributeName>
      <RelationshipDescription>
        <Descriptions>
          <Description description="" languagecode="1033" />
        </Descriptions>
      </RelationshipDescription>
    </EntityRelationship>
  </EntityRelationships>
  <OrganizationSettings />
  <optionsets />
  <CustomControls />
  <EntityDataProviders />
  <Languages>
    <Language>1033</Language>
  </Languages>
</ImportExportXml>