<maskingrule name="SocialSecurityNumber_ShowLastFourDigits">
  <createdby>{549445d7-7f9e-442b-82b1-ce9734394e1a}</createdby>
  <iscustomizable>1</iscustomizable>
  <maskedcharacter>*</maskedcharacter>
  <maskedrichtestdata>{\rtf1\ansi\deff0{\fonttbl{\f0 Helvetica;}}\f0\fs24 ***-**-1234}</maskedrichtestdata>
  <maskedtestdata>***-**-1234</maskedtestdata>
  <modifiedby>{4026be43-6b69-e111-8f65-78e7d1620f5e}</modifiedby>
  <regularexpression>\d(?=\d{2}-\d{2}-\d{4}|\d-\d{2}-\d{4}|-\d{2}-\d{4}|\d-\d{4}|-\d{4})</regularexpression>
  <richtestdata>{\rtf1\ansi\deff0{\fonttbl{\f0 Helvetica;}}\f0\fs24 405-56-1234}</richtestdata>
  <testdata>405-56-1234</testdata>
</maskingrule>