<ImportExportXml xmlns:xsi="http://www.w3.org/2001/XMLSchema-instance">
  <Entities></Entities>
  <Roles></Roles>
  <Workflows></Workflows>
  <FieldSecurityProfiles></FieldSecurityProfiles>
  <Templates />
  <EntityMaps />
  <EntityRelationships />
  <OrganizationSettings />
  <optionsets />
  <WebResources>
    <WebResource>
      <WebResourceId>{66b5766e-b210-e611-80d2-00155da84802}</WebResourceId>
      <Name>sample_/scripts/es6promise.js</Name>
      <DisplayName>sample_/scripts/es6promise.js</DisplayName>
      <Description>Polyfill for browsers that do not support Promises natively.</Description>
      <WebResourceType>3</WebResourceType>
      <IntroducedVersion>1.0</IntroducedVersion>
      <IsEnabledForMobileClient>0</IsEnabledForMobileClient>
      <IsCustomizable>1</IsCustomizable>
      <CanBeDeleted>1</CanBeDeleted>
      <IsHidden>0</IsHidden>
      <FileName>/WebResources/sample_scriptses6promisejs66B5766E-B210-E611-80D2-00155DA84802</FileName>
    </WebResource>
    <WebResource>
      <WebResourceId>{5a0fdc88-965a-e611-80d6-00155da84802}</WebResourceId>
      <Name>sample_/WebAPIQuery.html</Name>
      <DisplayName>sample_/WebAPIQuery.html</DisplayName>
      <Description>Start page for the Web API Query Data sample.</Description>
      <WebResourceType>1</WebResourceType>
      <IntroducedVersion>1.0.0.0</IntroducedVersion>
      <IsEnabledForMobileClient>0</IsEnabledForMobileClient>
      <IsCustomizable>1</IsCustomizable>
      <CanBeDeleted>1</CanBeDeleted>
      <IsHidden>0</IsHidden>
      <FileName>/WebResources/sample_WebAPIQueryhtml5A0FDC88-965A-E611-80D6-00155DA84802</FileName>
    </WebResource>
    <WebResource>
      <WebResourceId>{8c7a3eb9-965a-e611-80d6-00155da84802}</WebResourceId>
      <Name>sample_/scripts/WebAPIQuery.js</Name>
      <DisplayName>sample_/scripts/WebAPIQuery.js</DisplayName>
      <Description>Main program for the Web API Query Data sample.</Description>
      <WebResourceType>3</WebResourceType>
      <IntroducedVersion>1.0.0.0</IntroducedVersion>
      <IsEnabledForMobileClient>0</IsEnabledForMobileClient>
      <IsCustomizable>1</IsCustomizable>
      <CanBeDeleted>1</CanBeDeleted>
      <IsHidden>0</IsHidden>
      <FileName>/WebResources/sample_scriptsWebAPIQueryjs8C7A3EB9-965A-E611-80D6-00155DA84802</FileName>
    </WebResource>
  </WebResources>
  <Languages>
    <Language>1033</Language>
  </Languages>
</ImportExportXml>