<customapirequestparameter uniquename="FetchXml">
  <description default="Fetch XML which is used to fetch all data and export to CSV">
    <label description="Fetch XML which is used to fetch all data and export to CSV" languagecode="1033" />
  </description>
  <displayname default="Fetch Xml">
    <label description="Fetch Xml" languagecode="1033" />
  </displayname>
  <iscustomizable>1</iscustomizable>
  <isoptional>0</isoptional>
  <name>Fetch Xml</name>
  <type>10</type>
</customapirequestparameter>