<ImportExportXml version="9.1.0.16248" SolutionPackageVersion="9.1" languagecode="1033" generatedBy="CrmLive" xmlns:xsi="http://www.w3.org/2001/XMLSchema-instance">
  <SolutionManifest>
    <UniqueName>AIBuilderInvoiceProcessingAutomationSK</UniqueName>
    <LocalizedNames>
      <LocalizedName description="AI Builder Invoice Processing Automation" languagecode="1033" />
    </LocalizedNames>
    <Descriptions />
    <Version>1.0.0.12</Version>
    <Managed>0</Managed>
    <Publisher>
      <UniqueName>aibuilder</UniqueName>
      <LocalizedNames>
        <LocalizedName description="AI Builder" languagecode="1033" />
      </LocalizedNames>
      <Descriptions />
      <EMailAddress xsi:nil="true"></EMailAddress>
      <SupportingWebsiteUrl xsi:nil="true"></SupportingWebsiteUrl>
      <CustomizationPrefix>aib</CustomizationPrefix>
      <CustomizationOptionValuePrefix>91470</CustomizationOptionValuePrefix>
      <Addresses>
        <Address>
          <AddressNumber>1</AddressNumber>
          <AddressTypeCode>1</AddressTypeCode>
          <City xsi:nil="true"></City>
          <County xsi:nil="true"></County>
          <Country xsi:nil="true"></Country>
          <Fax xsi:nil="true"></Fax>
          <FreightTermsCode xsi:nil="true"></FreightTermsCode>
          <ImportSequenceNumber xsi:nil="true"></ImportSequenceNumber>
          <Latitude xsi:nil="true"></Latitude>
          <Line1 xsi:nil="true"></Line1>
          <Line2 xsi:nil="true"></Line2>
          <Line3 xsi:nil="true"></Line3>
          <Longitude xsi:nil="true"></Longitude>
          <Name xsi:nil="true"></Name>
          <PostalCode xsi:nil="true"></PostalCode>
          <PostOfficeBox xsi:nil="true"></PostOfficeBox>
          <PrimaryContactName xsi:nil="true"></PrimaryContactName>
          <ShippingMethodCode>1</ShippingMethodCode>
          <StateOrProvince xsi:nil="true"></StateOrProvince>
          <Telephone1 xsi:nil="true"></Telephone1>
          <Telephone2 xsi:nil="true"></Telephone2>
          <Telephone3 xsi:nil="true"></Telephone3>
          <TimeZoneRuleVersionNumber xsi:nil="true"></TimeZoneRuleVersionNumber>
          <UPSZone xsi:nil="true"></UPSZone>
          <UTCOffset xsi:nil="true"></UTCOffset>
          <UTCConversionTimeZoneCode xsi:nil="true"></UTCConversionTimeZoneCode>
        </Address>
        <Address>
          <AddressNumber>2</AddressNumber>
          <AddressTypeCode>1</AddressTypeCode>
          <City xsi:nil="true"></City>
          <County xsi:nil="true"></County>
          <Country xsi:nil="true"></Country>
          <Fax xsi:nil="true"></Fax>
          <FreightTermsCode xsi:nil="true"></FreightTermsCode>
          <ImportSequenceNumber xsi:nil="true"></ImportSequenceNumber>
          <Latitude xsi:nil="true"></Latitude>
          <Line1 xsi:nil="true"></Line1>
          <Line2 xsi:nil="true"></Line2>
          <Line3 xsi:nil="true"></Line3>
          <Longitude xsi:nil="true"></Longitude>
          <Name xsi:nil="true"></Name>
          <PostalCode xsi:nil="true"></PostalCode>
          <PostOfficeBox xsi:nil="true"></PostOfficeBox>
          <PrimaryContactName xsi:nil="true"></PrimaryContactName>
          <ShippingMethodCode>1</ShippingMethodCode>
          <StateOrProvince xsi:nil="true"></StateOrProvince>
          <Telephone1 xsi:nil="true"></Telephone1>
          <Telephone2 xsi:nil="true"></Telephone2>
          <Telephone3 xsi:nil="true"></Telephone3>
          <TimeZoneRuleVersionNumber xsi:nil="true"></TimeZoneRuleVersionNumber>
          <UPSZone xsi:nil="true"></UPSZone>
          <UTCOffset xsi:nil="true"></UTCOffset>
          <UTCConversionTimeZoneCode xsi:nil="true"></UTCConversionTimeZoneCode>
        </Address>
      </Addresses>
    </Publisher>
    <RootComponents>
      <RootComponent type="1" schemaName="aib_ipainvoice" behavior="0" />
      <RootComponent type="1" schemaName="aib_ipaprocessing" behavior="0" />
      <RootComponent type="1" schemaName="aib_ipaprovider" behavior="0" />
      <RootComponent type="1" schemaName="aib_iparegion" behavior="0" />
      <RootComponent type="9" schemaName="aib_processingstate" behavior="0" />
      <RootComponent type="9" schemaName="aib_providerstatus" behavior="0" />
      <RootComponent type="20" id="{f3c11e79-ef77-ea11-a811-000d3a5631e2}" behavior="0" />
      <RootComponent type="29" id="{2e951028-9d5b-ea11-a811-000d3a35fefd}" behavior="0" />
      <RootComponent type="29" id="{f69fdc5b-985b-ea11-a811-000d3a35fefd}" behavior="0" />
      <RootComponent type="300" schemaName="aib_ipaapplication_e5abb" behavior="0" />
    </RootComponents>
    <MissingDependencies>
      <MissingDependency>
        <Required key="0" type="1" schemaName="msdyn_aiconfiguration" displayName="AI Configuration" solution="msdyn_AISolution (2.3.4.13)" />
        <Dependent key="1" type="300" schemaName="aib_ipaapplication_e5abb" displayName="IPA Application" />
      </MissingDependency>
      <MissingDependency>
        <Required key="2" type="1" schemaName="msdyn_aimodel" displayName="AI Model" solution="msdyn_AISolution (2.3.4.13)" />
        <Dependent key="1" type="300" schemaName="aib_ipaapplication_e5abb" displayName="IPA Application" />
      </MissingDependency>
      <MissingDependency>
        <Required key="3" type="1" schemaName="msdyn_aitemplate" displayName="AI Template" solution="msdyn_AISolution (2.3.4.13)" />
        <Dependent key="1" type="300" schemaName="aib_ipaapplication_e5abb" displayName="IPA Application" />
      </MissingDependency>
      <MissingDependency>
        <Required key="2" type="1" schemaName="msdyn_aimodel" displayName="AI Model" solution="msdyn_AISolution (2.3.4.13)" />
        <Dependent key="4" type="10" schemaName="aib_IPAProvider_msdyn_AIModel_msdyn_AIMod" displayName="aib_IPAProvider_msdyn_AIModel_msdyn_AIMod" parentSchemaName="msdyn_aimodel" parentDisplayName="AI Model" />
      </MissingDependency>
      <MissingDependency>
        <Required key="2" type="1" schemaName="msdyn_aimodel" displayName="AI Model" solution="msdyn_AISolution (2.3.4.13)" />
        <Dependent key="5" type="29" displayName="IPA Invoice Processor" id="{2e951028-9d5b-ea11-a811-000d3a35fefd}" />
      </MissingDependency>
      <MissingDependency>
        <Required key="6" type="2" schemaName="msdyn_name" displayName="Name" parentSchemaName="msdyn_aimodel" parentDisplayName="AI Model" solution="msdyn_AISolution (2.3.4.13)" />
        <Dependent key="4" type="10" schemaName="aib_IPAProvider_msdyn_AIModel_msdyn_AIMod" displayName="aib_IPAProvider_msdyn_AIModel_msdyn_AIMod" parentSchemaName="msdyn_aimodel" parentDisplayName="AI Model" />
      </MissingDependency>
      <MissingDependency>
        <Required key="7" type="2" schemaName="msdyn_aimodelid" displayName="AIModel" parentSchemaName="msdyn_aimodel" parentDisplayName="AI Model" solution="msdyn_AISolution (2.3.4.13)" />
        <Dependent key="4" type="10" schemaName="aib_IPAProvider_msdyn_AIModel_msdyn_AIMod" displayName="aib_IPAProvider_msdyn_AIModel_msdyn_AIMod" parentSchemaName="msdyn_aimodel" parentDisplayName="AI Model" />
      </MissingDependency>
    </MissingDependencies>
  </SolutionManifest>
</ImportExportXml>