<customapi uniquename="sample_IsSystemAdmin">
  <allowedcustomprocessingsteptype>0</allowedcustomprocessingsteptype>
  <bindingtype>1</bindingtype>
  <boundentitylogicalname>systemuser</boundentitylogicalname>
  <description default="Returns whether the user has the System Administrator security role">
    <label description="Returns whether the user has the System Administrator security role" languagecode="1033" />
  </description>
  <displayname default="Is System Administrator">
    <label description="Is System Administrator" languagecode="1033" />
  </displayname>
  <iscustomizable>0</iscustomizable>
  <isfunction>1</isfunction>
  <isprivate>0</isprivate>
  <name>Is System Administrator</name>
  <plugintypeid>
    <plugintypeid>c8f654a5-0715-47a7-b677-c8185147e304</plugintypeid>
  </plugintypeid>
  <workflowsdkstepenabled>0</workflowsdkstepenabled>
</customapi>