<ImportExportXml xmlns:xsi="http://www.w3.org/2001/XMLSchema-instance">
  <Entities>
    <Entity>
      <Name LocalizedName="Account" OriginalName="">Account</Name>
      <FormXml>
        <forms type="main">
          <systemform>
            <formid>{ff49442f-8c60-4877-bdae-8fe51e6f4636}</formid>
            <IntroducedVersion>1.0</IntroducedVersion>
            <FormPresentation>0</FormPresentation>
            <FormActivationState>1</FormActivationState>
            <form>
              <tabs>
                <tab name="SUMMARY_TAB" id="{3fbb0e51-c6a6-42a1-8113-3b19558132f2}" IsUserDefined="0" showlabel="false" expanded="true" locklevel="0" labelid="{2f560d24-d34e-4924-bea4-0a8b7a4795f1}" ordinalvalue="1" solutionaction="Modified">
                  <columns>
                    <column width="38%" id="1">
                      <sections>
                        <section name="Timeline" showlabel="true" showbar="false" locklevel="0" id="{be648143-8f66-4279-b19a-9301e58bc0dd}" IsUserDefined="0" layout="varwidth" columns="1" labelwidth="115" celllabelalignment="Left" celllabelposition="Left" labelid="{bd6f07b0-54f6-4a86-97fb-ac0f70bae319}" ordinalvalue="0">
                          <rows>
                            <row>
                              <cell id="{f281c660-2f75-4f0a-a3fe-5cb2f8561814}" colspan="1" rowspan="20" showlabel="false" locklevel="0" labelid="{a20a7623-ed9e-49c1-8bef-5279326afffc}" ordinalvalue="10000">
                                <control id="notescontrol" classid="{06375649-c143-495e-a496-c962e5b4488e}" disabled="false" uniqueid="{d5a4d330-b895-2750-0202-31b9d9510841}" solutionaction="Modified">
                                  <parameters solutionaction="Added">
                                    <UClientUniqueName>Timeline</UClientUniqueName>
                                    <UClientModules>Activities,Notes,Posts</UClientModules>
                                    <UClientDefaultModuleForCreateExperience>Notes</UClientDefaultModuleForCreateExperience>
                                    <UClientShowFilterPane>true</UClientShowFilterPane>
                                    <UClientExpandFilterPane>false</UClientExpandFilterPane>
                                    <UClientOrderBy>descending</UClientOrderBy>
                                    <UClientRecordPerPage>10</UClientRecordPerPage>
                                    <UClientEnableWhatsNewFilter>false</UClientEnableWhatsNewFilter>
                                    <UClientActivities>appointment,campaignactivity,campaignresponse,email,fax,incidentresolution,letter,opportunityclose,orderclose,phonecall,quoteclose,recurringappointmentmaster,socialactivity,task</UClientActivities>
                                    <UClientSortActivitiesByValue>modifiedon</UClientSortActivitiesByValue>
                                    <UClientDisplayActivityHeaderUsing>defaultformat</UClientDisplayActivityHeaderUsing>
                                    <UClientCreateActivityUsing>quickcreateform</UClientCreateActivityUsing>
                                    <UClientDisplayActivityUsing>cardform</UClientDisplayActivityUsing>
                                    <UClientActivityCardMap>appointment:4201:,campaignactivity:4402:,campaignresponse:4401:,incidentresolution:4206:,email:4202:,fax:4204:,letter:4207:,opportunityclose:4208:,phonecall:4210:,task:4212:,msfp_alert:10261:,msfp_surveyinvite:10271:,msfp_surveyresponse:10273:</UClientActivityCardMap>
                                    <UClientRecordSourcesJSON>{"recordSources": [{"name": "new_SecondaryRecordSource", "constructor": "SampleNamespace.SecondaryRecordSource"}]}</UClientRecordSourcesJSON>
                                    <DefaultTabId>ActivitiesTab</DefaultTabId>
                                    <OrderByActivityWall>descending</OrderByActivityWall>
                                    <SortActivityWall>modifiedon</SortActivityWall>
                                    <EmailConversationView>true</EmailConversationView>
                                    <ShowArticleTab>false</ShowArticleTab>
                                    <SelectDefaultLanguage>00000000-0000-0000-0000-000000000000</SelectDefaultLanguage>
                                  </parameters>
                                </control>
                              </cell>
                            </row>
                          </rows>
                        </section>
                      </sections>
                    </column>
                  </columns>
                </tab>
                <tab name="DETAILS_TAB" id="{d76404cc-4248-474a-bc6a-8fb250ef6268}" IsUserDefined="0" showlabel="true" expanded="true" labelid="{0e36d881-8032-4ac0-b8c0-1eefd8165f88}" ordinalvalue="2" solutionaction="Modified" />
                <tab name="tab_recordwall" id="{e94e6ac4-12db-bc8c-ec81-8b20c5987655}" IsUserDefined="0" locklevel="0" showlabel="true" expanded="false" labelid="{2fdc25bf-8ca8-47dd-b70e-44747e9e70d6}" ordinalvalue="0" solutionaction="Added">
                  <labels>
                    <label description="What's New" languagecode="1033" />
                  </labels>
                  <columns>
                    <column width="100%" id="0">
                      <sections>
                        <section name="tab_recordwall_section_1" showlabel="false" showbar="false" locklevel="0" id="{ac0addcc-a626-6c98-40ee-b11edac36204}" IsUserDefined="0" layout="varwidth" columns="1" labelwidth="115" celllabelalignment="Left" celllabelposition="Left" labelid="{43ab4087-0aa1-4cb9-931f-421b34042dc5}" ordinalvalue="0">
                          <labels>
                            <label description="Section" languagecode="1033" />
                          </labels>
                          <rows>
                            <row>
                              <cell id="{be13b312-b6ac-83d7-34e1-e90dc1ecbec7}" showlabel="false" colspan="1" auto="false" rowspan="15" labelid="{a9350599-4406-4d03-b276-68e2b67752ef}" ordinalvalue="10000">
                                <labels>
                                  <label description="RecordWall" languagecode="1033" />
                                </labels>
                                <control id="WebResource_RecordWall" classid="{9FDF5F91-88B1-47f4-AD53-C11EFC01A01D}">
                                  <parameters>
                                    <Url>msdyn_/RecordWall.htm</Url>
                                    <PassParameters>true</PassParameters>
                                    <Security>false</Security>
                                    <Scrolling>auto</Scrolling>
                                    <Border>false</Border>
                                  </parameters>
                                </control>
                                <events>
                                  <event name="onload" application="0">
                                    <dependencies />
                                  </event>
                                </events>
                              </cell>
                            </row>
                            <row />
                            <row />
                            <row />
                            <row />
                            <row />
                            <row />
                            <row />
                            <row />
                            <row />
                            <row />
                            <row />
                            <row />
                            <row />
                            <row />
                          </rows>
                        </section>
                      </sections>
                    </column>
                  </columns>
                  <events>
                    <event name="tabstatechange" application="false" active="false">
                      <Handlers>
                        <Handler functionName="ActivityFeeds.Form.CustomizationUtils.updateRecordWallRenderingState" libraryName="msdyn_/ActivityFeeds.Form.js" handlerUniqueId="{9beb6ce6-2666-8033-a406-3d68d44b9592}" enabled="true" parameters="" passExecutionContext="true" ordinalvalue="0" />
                      </Handlers>
                    </event>
                  </events>
                </tab>
              </tabs>
              <formLibraries solutionaction="Added">
                <Library name="msdyn_/ActivityFeeds.Form.js" libraryUniqueId="{4181da4c-6d13-ba3c-c859-be404e4ee2e3}" />
              </formLibraries>
            </form>
            <LocalizedNames>
              <LocalizedName description="Account for Multisession experience" languagecode="1033" />
            </LocalizedNames>
            <Descriptions>
              <Description description="Default Multisession experience Account form." languagecode="1033" />
            </Descriptions>
          </systemform>
          <systemform>
            <formid>{a72c7955-442b-4ea4-9499-b10cd18b4256}</formid>
            <IntroducedVersion>8.0.0.0</IntroducedVersion>
            <FormPresentation>2</FormPresentation>
            <FormActivationState>1</FormActivationState>
            <form>
              <tabs>
                <tab name="SUMMARY_TAB" id="{3fbb0e51-c6a6-42a1-8113-3b19558132f2}" IsUserDefined="0" showlabel="false" expanded="true" locklevel="0" ordinalvalue="0">
                  <columns>
                    <column width="24%" id="0">
                      <sections>
                        <section name="ACCOUNT_INFORMATION" showlabel="true" showbar="false" id="{0ec2e053-634c-4955-8f61-bfc599ce53c1}" IsUserDefined="0" layout="varwidth" columns="1" labelwidth="115" celllabelposition="Left" ordinalvalue="0">
                          <rows>
                            <row>
                              <cell id="{83dccaff-09d9-41d0-b821-40ba54552999}" showlabel="false" ordinalvalue="10000">
                                <labels>
                                  <label description="Primary Contact" languagecode="1033" solutionaction="Added" />
                                </labels>
                              </cell>
                            </row>
                            <row>
                              <cell id="{a8c64b24-9fec-493b-bfd4-49637c243132}" showlabel="true" ordinalvalue="10001">
                                <labels>
                                  <label description="Account Name" languagecode="1033" solutionaction="Added" />
                                </labels>
                              </cell>
                            </row>
                            <row>
                              <cell id="{0bfe4998-5b51-4aa6-83e3-972898f155a1}" showlabel="true" ordinalvalue="10003">
                                <labels>
                                  <label description="Fax" languagecode="1033" solutionaction="Added" />
                                </labels>
                              </cell>
                            </row>
                            <row>
                              <cell id="{e3f51852-90c2-4b33-8629-ac786384437a}" showlabel="true" ordinalvalue="10004">
                                <labels>
                                  <label description="Website" languagecode="1033" solutionaction="Added" />
                                </labels>
                              </cell>
                            </row>
                            <row>
                              <cell id="{7bbba77a-0b62-415a-98d7-899ec877aacc}" showlabel="true" locklevel="0" ordinalvalue="10005">
                                <labels>
                                  <label description="Primary Contact" languagecode="1033" solutionaction="Added" />
                                </labels>
                              </cell>
                            </row>
                            <row>
                              <cell id="{b5e71955-f9cf-48d4-8f2f-c5f847a0667d}" ordinalvalue="10006">
                                <labels>
                                  <label description="Parent Account" languagecode="1033" solutionaction="Added" />
                                </labels>
                              </cell>
                            </row>
                            <row>
                              <cell id="{cbeb02bf-cf1a-43e1-a6aa-a727eb0d8edf}" showlabel="true" locklevel="0" ordinalvalue="10007">
                                <labels>
                                  <label description="Address 1" languagecode="1033" solutionaction="Added" />
                                </labels>
                              </cell>
                            </row>
                          </rows>
                        </section>
                      </sections>
                    </column>
                    <column width="38%" id="1">
                      <sections>
                        <section name="Timeline" showlabel="true" showbar="false" locklevel="0" id="{be648143-8f66-4279-b19a-9301e58bc0dd}" IsUserDefined="0" layout="varwidth" columns="1" labelwidth="115" celllabelalignment="Left" celllabelposition="Left" ordinalvalue="0">
                          <rows>
                            <row>
                              <cell id="{f281c660-2f75-4f0a-a3fe-5cb2f8561814}" colspan="1" rowspan="20" showlabel="false" locklevel="0" ordinalvalue="10000">
                                <control id="notescontrol" classid="{06375649-c143-495e-a496-c962e5b4488e}" disabled="false" uniqueid="{74b735a5-d01b-eabd-2558-5207a375da51}" solutionaction="Modified">
                                  <parameters solutionaction="Added">
                                    <UClientUniqueName>Timeline</UClientUniqueName>
                                    <UClientModules>Activities,Notes,Posts</UClientModules>
                                    <UClientDefaultModuleForCreateExperience>Notes</UClientDefaultModuleForCreateExperience>
                                    <UClientShowFilterPane>true</UClientShowFilterPane>
                                    <UClientExpandFilterPane>false</UClientExpandFilterPane>
                                    <UClientOrderBy>descending</UClientOrderBy>
                                    <UClientRecordPerPage>10</UClientRecordPerPage>
                                    <UClientEnableWhatsNewFilter>false</UClientEnableWhatsNewFilter>
                                    <UClientActivities>appointment,campaignactivity,campaignresponse,email,fax,incidentresolution,letter,opportunityclose,orderclose,phonecall,quoteclose,recurringappointmentmaster,socialactivity,task</UClientActivities>
                                    <UClientSortActivitiesByValue>modifiedon</UClientSortActivitiesByValue>
                                    <UClientDisplayActivityHeaderUsing>defaultformat</UClientDisplayActivityHeaderUsing>
                                    <UClientCreateActivityUsing>quickcreateform</UClientCreateActivityUsing>
                                    <UClientDisplayActivityUsing>cardform</UClientDisplayActivityUsing>
                                    <UClientActivityCardMap>appointment:4201:,campaignactivity:4402:,campaignresponse:4401:,incidentresolution:4206:,email:4202:,fax:4204:,letter:4207:,opportunityclose:4208:,phonecall:4210:,task:4212:,msfp_alert:10261:,msfp_surveyinvite:10271:,msfp_surveyresponse:10273:</UClientActivityCardMap>
                                    <UClientRecordSourcesJSON>{"recordSources": [{"name": "new_SecondaryRecordSource", "constructor": "SampleNamespace.SecondaryRecordSource"}]}</UClientRecordSourcesJSON>
                                    <DefaultTabId>ActivitiesTab</DefaultTabId>
                                    <OrderByActivityWall>descending</OrderByActivityWall>
                                    <SortActivityWall>modifiedon</SortActivityWall>
                                    <EmailConversationView>true</EmailConversationView>
                                    <ShowArticleTab>false</ShowArticleTab>
                                    <SelectDefaultLanguage>00000000-0000-0000-0000-000000000000</SelectDefaultLanguage>
                                  </parameters>
                                </control>
                              </cell>
                            </row>
                          </rows>
                        </section>
                      </sections>
                    </column>
                    <column width="38%" id="2">
                      <sections>
                        <section name="ref_pan_SUMMARY_TAB_section_6" showlabel="true" showbar="false" locklevel="0" id="{2de57b8f-b251-411d-802c-ad2c696fc51c}" IsUserDefined="0" layout="varwidth" columns="1" labelwidth="115" celllabelalignment="Left" celllabelposition="Top" ordinalvalue="0">
                          <rows>
                            <row>
                              <cell id="{333307f3-422a-445a-80ed-c065402e8c8e}" showlabel="true" colspan="1" auto="false" rowspan="7" ordinalvalue="10000">
                                <control id="Contacts" classid="{02D4264B-47E2-4B4C-AA95-F439F3F4D458}">
                                  <parameters>
                                    <VisualizationId />
                                  </parameters>
                                </control>
                              </cell>
                            </row>
                          </rows>
                        </section>
                      </sections>
                    </column>
                  </columns>
                </tab>
                <tab name="DETAILS_TAB" id="{d76404cc-4248-474a-bc6a-8fb250ef6268}" IsUserDefined="0" showlabel="true" expanded="true" ordinalvalue="1">
                  <columns>
                    <column width="34%" id="0">
                      <sections>
                        <section name="COMPANY_PROFILE" showlabel="true" showbar="false" id="{468b3d84-64fd-42d5-9d6f-ecb8bb6140d1}" IsUserDefined="0" layout="varwidth" columns="1" labelwidth="115" celllabelposition="Left" ordinalvalue="0">
                          <rows>
                            <row>
                              <cell id="{8248e46a-01de-4227-b481-b560f3a7f925}" showlabel="true" ordinalvalue="10000">
                                <labels>
                                  <label description="Industry" languagecode="1033" solutionaction="Added" />
                                </labels>
                              </cell>
                            </row>
                            <row>
                              <cell id="{c651a736-268c-47f0-981b-a8669645b1fb}" showlabel="true" ordinalvalue="10001">
                                <labels>
                                  <label description="SIC Code" languagecode="1033" solutionaction="Added" />
                                </labels>
                              </cell>
                            </row>
                            <row>
                              <cell id="{a2a05a5c-41ac-4110-afab-22f1006afc57}" showlabel="true" ordinalvalue="10002">
                                <labels>
                                  <label description="Ownership" languagecode="1033" solutionaction="Added" />
                                </labels>
                              </cell>
                            </row>
                          </rows>
                        </section>
                        <section name="DETAILS_TAB_section_6" showlabel="true" showbar="false" locklevel="0" id="{d783eb86-3dab-40b6-88a5-25937a00ae9f}" IsUserDefined="0" layout="varwidth" columns="1" labelwidth="115" celllabelalignment="Left" celllabelposition="Top" height="auto" ordinalvalue="1">
                          <rows>
                            <row>
                              <cell id="{c5330535-3fd5-4415-8490-ce74d880612a}" showlabel="false" locklevel="0" rowspan="3" auto="true" ordinalvalue="10000">
                                <labels>
                                  <label description="Description" languagecode="1033" solutionaction="Added" />
                                </labels>
                              </cell>
                            </row>
                          </rows>
                        </section>
                      </sections>
                    </column>
                    <column width="33%" id="1">
                      <sections>
                        <section name="MARKETING" showlabel="true" locklevel="0" showbar="false" id="{16c26642-7c5d-4674-88ed-044b5853ffed}" IsUserDefined="0" layout="varheight" columns="1" labelwidth="115" celllabelposition="Left" ordinalvalue="0">
                          <rows>
                            <row>
                              <cell id="{3303b291-811f-46a4-a3f3-e32a0c10feee}" ordinalvalue="10000">
                                <labels>
                                  <label description="Originating Lead" languagecode="1033" solutionaction="Added" />
                                </labels>
                              </cell>
                            </row>
                          </rows>
                        </section>
                      </sections>
                    </column>
                    <column width="33%" id="2">
                      <sections>
                        <section name="BILLING" showlabel="true" showbar="false" id="{b3b43dba-1ca2-44ad-95dc-0498eeeb7da8}" IsUserDefined="0" layout="varwidth" columns="1" labelwidth="115" celllabelposition="Left" locklevel="0" celllabelalignment="Left" ordinalvalue="0">
                          <rows>
                            <row>
                              <cell id="{ab2c833f-33b9-4a68-a86e-9a84428fdcca}" ordinalvalue="10000">
                                <labels>
                                  <label description="Currency" languagecode="1033" solutionaction="Added" />
                                </labels>
                              </cell>
                            </row>
                            <row>
                              <cell id="{ffc4513b-f861-4c0c-894d-d982878a9818}" ordinalvalue="10001">
                                <labels>
                                  <label description="Credit Limit" languagecode="1033" solutionaction="Added" />
                                </labels>
                              </cell>
                            </row>
                            <row>
                              <cell id="{015968ec-0830-41a6-8146-52a16fda615d}" ordinalvalue="10002">
                                <labels>
                                  <label description="Credit Hold" languagecode="1033" solutionaction="Added" />
                                </labels>
                              </cell>
                            </row>
                            <row>
                              <cell id="{8e4c3254-2bb0-4cfd-9bbc-9a898713f602}" ordinalvalue="10003">
                                <labels>
                                  <label description="Payment Terms" languagecode="1033" solutionaction="Added" />
                                </labels>
                              </cell>
                            </row>
                          </rows>
                        </section>
                      </sections>
                    </column>
                  </columns>
                </tab>
              </tabs>
              <header id="{657fd085-05d3-4918-aaac-24614234457c}" columns="1111" celllabelposition="Top" labelwidth="115">
                <rows>
                  <row>
                    <cell id="{1c47a142-b8ab-4f57-b847-65cdbc014754}" ordinalvalue="10000">
                      <labels>
                        <label description="Annual Revenue" languagecode="1033" solutionaction="Added" />
                      </labels>
                    </cell>
                    <cell id="{7ee2d972-3492-4b72-af3b-09f14d57f2b4}" showlabel="true" ordinalvalue="20001">
                      <labels>
                        <label description="Number of Employees" languagecode="1033" solutionaction="Added" />
                      </labels>
                    </cell>
                    <cell id="{c50ed597-39cf-41a7-a1ba-c18de76a49ec}" showlabel="true" locklevel="1" ordinalvalue="30002">
                      <labels>
                        <label description="Owner" languagecode="1033" solutionaction="Added" />
                      </labels>
                    </cell>
                  </row>
                </rows>
              </header>
              <events>
                <event name="onload" application="true" active="true">
                  <InternalHandlers>
                    <Handler functionName="AppCommon.Account.Instance.form_onload" libraryName="AppCommon/Account/Account_main_system_library.js" handlerUniqueId="2bccd2b4-2e7e-485e-877e-0b0f26c20b83" enabled="true" />
                  </InternalHandlers>
                </event>
              </events>
              <Navigation>
                <NavBarAreas solutionaction="Added">
                  <NavBarArea Id="Info">
                    <Titles>
                      <Title LCID="1033" Text="Common" />
                    </Titles>
                  </NavBarArea>
                  <NavBarArea Id="Sales">
                    <Titles>
                      <Title LCID="1033" Text="Sales" />
                    </Titles>
                  </NavBarArea>
                  <NavBarArea Id="Service">
                    <Titles>
                      <Title LCID="1033" Text="Service" />
                    </Titles>
                  </NavBarArea>
                  <NavBarArea Id="Marketing">
                    <Titles>
                      <Title LCID="1033" Text="Marketing" />
                    </Titles>
                  </NavBarArea>
                  <NavBarArea Id="ProcessCenter">
                    <Titles>
                      <Title LCID="1033" Text="Process Sessions" />
                    </Titles>
                  </NavBarArea>
                </NavBarAreas>
              </Navigation>
            </form>
            <LocalizedNames>
              <LocalizedName description="Account for Interactive experience" languagecode="1033" />
            </LocalizedNames>
            <Descriptions>
              <Description description="Default Interactive experience Account form." languagecode="1033" />
            </Descriptions>
          </systemform>
        </forms>
      </FormXml>
      <RibbonDiffXml>
        <CustomActions />
        <Templates>
          <RibbonTemplates Id="Mscrm.Templates"></RibbonTemplates>
        </Templates>
        <CommandDefinitions />
        <RuleDefinitions>
          <TabDisplayRules />
          <DisplayRules />
          <EnableRules />
        </RuleDefinitions>
        <LocLabels />
      </RibbonDiffXml>
    </Entity>
  </Entities>
  <Roles></Roles>
  <Workflows></Workflows>
  <FieldSecurityProfiles></FieldSecurityProfiles>
  <Templates />
  <EntityMaps />
  <EntityRelationships />
  <OrganizationSettings />
  <optionsets />
  <WebResources>
    <WebResource>
      <WebResourceId>{cd98d4c6-4a21-ec11-b1b6-000d3af6f140}</WebResourceId>
      <Name>new_SecondaryRecordSource</Name>
      <DisplayName>SecondaryRecordSource</DisplayName>
      <WebResourceType>3</WebResourceType>
      <IntroducedVersion>1.0</IntroducedVersion>
      <IsEnabledForMobileClient>0</IsEnabledForMobileClient>
      <IsAvailableForMobileOffline>0</IsAvailableForMobileOffline>
      <DependencyXml>&lt;Dependencies&gt;&lt;Dependency componentType="WebResource"/&gt;&lt;/Dependencies&gt;</DependencyXml>
      <IsCustomizable>1</IsCustomizable>
      <CanBeDeleted>1</CanBeDeleted>
      <IsHidden>0</IsHidden>
      <FileName>/WebResources/new_SecondaryRecordSourceCD98D4C6-4A21-EC11-B1B6-000D3AF6F140</FileName>
    </WebResource>
  </WebResources>
  <CustomControls />
  <EntityDataProviders />
  <Languages>
    <Language>1033</Language>
  </Languages>
</ImportExportXml>