<environmentvariabledefinition schemaname="new_ContosoURL">
  <description default="Contains the internet address of Contoso, Inc.">
    <label description="Contains the internet address of Contoso, Inc." languagecode="1033" />
  </description>
  <displayname default="Contoso URL">
    <label description="Contoso URL" languagecode="1033" />
  </displayname>
  <introducedversion>1.0.0.0</introducedversion>
  <iscustomizable>1</iscustomizable>
  <isrequired>0</isrequired>
  <type>100000000</type>
</environmentvariabledefinition>