<customapi uniquename="sample_CleanupExportedDataAnnotations">
  <allowedcustomprocessingsteptype>0</allowedcustomprocessingsteptype>
  <bindingtype>0</bindingtype>
  <description default="Clean Up Exported Data Annotations">
    <label description="Clean Up Exported Data Annotations" languagecode="1033" />
  </description>
  <displayname default="Clean Up Exported Data Annotations">
    <label description="Clean Up Exported Data Annotations" languagecode="1033" />
  </displayname>
  <iscustomizable>1</iscustomizable>
  <isfunction>0</isfunction>
  <isprivate>0</isprivate>
  <name>Clean Up Exported Data Annotations</name>
  <plugintypeid>
    <plugintypeexportkey>c839f0af-ee64-4a9e-9a99-3dff26ff38b6</plugintypeexportkey>
  </plugintypeid>
  <workflowsdkstepenabled>0</workflowsdkstepenabled>
</customapi>